algorithm,source,family,representation,condition,q,k,seed,status,target_count,successes,evidence_level
md5,printable,G-P-BGV,bgv,HASHONLY,8,1,0,BLOCKED_SPECIFICATION,,,NOT_EVALUATED
md5,printable,G-P-BGV,bgv,HASHONLY,8,10,0,BLOCKED_SPECIFICATION,,,NOT_EVALUATED
md5,printable,G-P-BGV,bgv,HASHONLY,8,100,0,BLOCKED_SPECIFICATION,,,NOT_EVALUATED
md5,printable,G-P-BGV,bgv,HASHONLY,8,1,1,BLOCKED_SPECIFICATION,,,NOT_EVALUATED
md5,printable,G-P-BGV,bgv,HASHONLY,8,10,1,BLOCKED_SPECIFICATION,,,NOT_EVALUATED
md5,printable,G-P-BGV,bgv,HASHONLY,8,100,1,BLOCKED_SPECIFICATION,,,NOT_EVALUATED
md5,printable,G-P-BGV,bgv,HASHONLY,8,1,2,BLOCKED_SPECIFICATION,,,NOT_EVALUATED
md5,printable,G-P-BGV,bgv,HASHONLY,8,10,2,BLOCKED_SPECIFICATION,,,NOT_EVALUATED
md5,printable,G-P-BGV,bgv,HASHONLY,8,100,2,BLOCKED_SPECIFICATION,,,NOT_EVALUATED
md5,printable,G-P-CG,cgge,HASHONLY,8,1,0,BLOCKED_SPECIFICATION,,,NOT_EVALUATED
md5,printable,G-P-CG,cgge,HASHONLY,8,10,0,BLOCKED_SPECIFICATION,,,NOT_EVALUATED
md5,printable,G-P-CG,cgge,HASHONLY,8,100,0,BLOCKED_SPECIFICATION,,,NOT_EVALUATED
md5,printable,G-P-CG,cgge,HASHONLY,8,1,1,BLOCKED_SPECIFICATION,,,NOT_EVALUATED
md5,printable,G-P-CG,cgge,HASHONLY,8,10,1,BLOCKED_SPECIFICATION,,,NOT_EVALUATED
md5,printable,G-P-CG,cgge,HASHONLY,8,100,1,BLOCKED_SPECIFICATION,,,NOT_EVALUATED
md5,printable,G-P-CG,cgge,HASHONLY,8,1,2,BLOCKED_SPECIFICATION,,,NOT_EVALUATED
md5,printable,G-P-CG,cgge,HASHONLY,8,10,2,BLOCKED_SPECIFICATION,,,NOT_EVALUATED
md5,printable,G-P-CG,cgge,HASHONLY,8,100,2,BLOCKED_SPECIFICATION,,,NOT_EVALUATED
md5,random_bytes,G-R-BGV,bgv,HASHONLY,8,1,0,BLOCKED_SPECIFICATION,,,NOT_EVALUATED
md5,random_bytes,G-R-BGV,bgv,HASHONLY,8,10,0,BLOCKED_SPECIFICATION,,,NOT_EVALUATED
md5,random_bytes,G-R-BGV,bgv,HASHONLY,8,100,0,BLOCKED_SPECIFICATION,,,NOT_EVALUATED
md5,random_bytes,G-R-BGV,bgv,HASHONLY,8,1,1,BLOCKED_SPECIFICATION,,,NOT_EVALUATED
md5,random_bytes,G-R-BGV,bgv,HASHONLY,8,10,1,BLOCKED_SPECIFICATION,,,NOT_EVALUATED
md5,random_bytes,G-R-BGV,bgv,HASHONLY,8,100,1,BLOCKED_SPECIFICATION,,,NOT_EVALUATED
md5,random_bytes,G-R-BGV,bgv,HASHONLY,8,1,2,BLOCKED_SPECIFICATION,,,NOT_EVALUATED
md5,random_bytes,G-R-BGV,bgv,HASHONLY,8,10,2,BLOCKED_SPECIFICATION,,,NOT_EVALUATED
md5,random_bytes,G-R-BGV,bgv,HASHONLY,8,100,2,BLOCKED_SPECIFICATION,,,NOT_EVALUATED
md5,printable,D-P,tokens,HASHONLY,8,1,0,BLOCKED_SPECIFICATION,,,NOT_EVALUATED
md5,printable,D-P,tokens,HASHONLY,8,10,0,BLOCKED_SPECIFICATION,,,NOT_EVALUATED
md5,printable,D-P,tokens,HASHONLY,8,100,0,BLOCKED_SPECIFICATION,,,NOT_EVALUATED
md5,printable,D-P,tokens,HASHONLY,8,1,1,BLOCKED_SPECIFICATION,,,NOT_EVALUATED
md5,printable,D-P,tokens,HASHONLY,8,10,1,BLOCKED_SPECIFICATION,,,NOT_EVALUATED
md5,printable,D-P,tokens,HASHONLY,8,100,1,BLOCKED_SPECIFICATION,,,NOT_EVALUATED
md5,printable,D-P,tokens,HASHONLY,8,1,2,BLOCKED_SPECIFICATION,,,NOT_EVALUATED
md5,printable,D-P,tokens,HASHONLY,8,10,2,BLOCKED_SPECIFICATION,,,NOT_EVALUATED
md5,printable,D-P,tokens,HASHONLY,8,100,2,BLOCKED_SPECIFICATION,,,NOT_EVALUATED
md5,random_bytes,D-R,tokens,HASHONLY,8,1,0,BLOCKED_SPECIFICATION,,,NOT_EVALUATED
md5,random_bytes,D-R,tokens,HASHONLY,8,10,0,BLOCKED_SPECIFICATION,,,NOT_EVALUATED
md5,random_bytes,D-R,tokens,HASHONLY,8,100,0,BLOCKED_SPECIFICATION,,,NOT_EVALUATED
md5,random_bytes,D-R,tokens,HASHONLY,8,1,1,BLOCKED_SPECIFICATION,,,NOT_EVALUATED
md5,random_bytes,D-R,tokens,HASHONLY,8,10,1,BLOCKED_SPECIFICATION,,,NOT_EVALUATED
md5,random_bytes,D-R,tokens,HASHONLY,8,100,1,BLOCKED_SPECIFICATION,,,NOT_EVALUATED
md5,random_bytes,D-R,tokens,HASHONLY,8,1,2,BLOCKED_SPECIFICATION,,,NOT_EVALUATED
md5,random_bytes,D-R,tokens,HASHONLY,8,10,2,BLOCKED_SPECIFICATION,,,NOT_EVALUATED
md5,random_bytes,D-R,tokens,HASHONLY,8,100,2,BLOCKED_SPECIFICATION,,,NOT_EVALUATED
md5,printable,G-P-BGV-L,bgv,KNOWNLENGTH,8,1,0,BLOCKED_SPECIFICATION,,,NOT_EVALUATED
md5,printable,G-P-BGV-L,bgv,KNOWNLENGTH,8,10,0,BLOCKED_SPECIFICATION,,,NOT_EVALUATED
md5,printable,G-P-BGV-L,bgv,KNOWNLENGTH,8,100,0,BLOCKED_SPECIFICATION,,,NOT_EVALUATED
md5,printable,G-P-BGV-L,bgv,KNOWNLENGTH,8,1,1,BLOCKED_SPECIFICATION,,,NOT_EVALUATED
md5,printable,G-P-BGV-L,bgv,KNOWNLENGTH,8,10,1,BLOCKED_SPECIFICATION,,,NOT_EVALUATED
md5,printable,G-P-BGV-L,bgv,KNOWNLENGTH,8,100,1,BLOCKED_SPECIFICATION,,,NOT_EVALUATED
md5,printable,G-P-BGV-L,bgv,KNOWNLENGTH,8,1,2,BLOCKED_SPECIFICATION,,,NOT_EVALUATED
md5,printable,G-P-BGV-L,bgv,KNOWNLENGTH,8,10,2,BLOCKED_SPECIFICATION,,,NOT_EVALUATED
md5,printable,G-P-BGV-L,bgv,KNOWNLENGTH,8,100,2,BLOCKED_SPECIFICATION,,,NOT_EVALUATED
md5,printable,G-P-CG-L,cgge,KNOWNLENGTH,8,1,0,BLOCKED_SPECIFICATION,,,NOT_EVALUATED
md5,printable,G-P-CG-L,cgge,KNOWNLENGTH,8,10,0,BLOCKED_SPECIFICATION,,,NOT_EVALUATED
md5,printable,G-P-CG-L,cgge,KNOWNLENGTH,8,100,0,BLOCKED_SPECIFICATION,,,NOT_EVALUATED
md5,printable,G-P-CG-L,cgge,KNOWNLENGTH,8,1,1,BLOCKED_SPECIFICATION,,,NOT_EVALUATED
md5,printable,G-P-CG-L,cgge,KNOWNLENGTH,8,10,1,BLOCKED_SPECIFICATION,,,NOT_EVALUATED
md5,printable,G-P-CG-L,cgge,KNOWNLENGTH,8,100,1,BLOCKED_SPECIFICATION,,,NOT_EVALUATED
md5,printable,G-P-CG-L,cgge,KNOWNLENGTH,8,1,2,BLOCKED_SPECIFICATION,,,NOT_EVALUATED
md5,printable,G-P-CG-L,cgge,KNOWNLENGTH,8,10,2,BLOCKED_SPECIFICATION,,,NOT_EVALUATED
md5,printable,G-P-CG-L,cgge,KNOWNLENGTH,8,100,2,BLOCKED_SPECIFICATION,,,NOT_EVALUATED
md5,random_bytes,G-R-BGV-L,bgv,KNOWNLENGTH,8,1,0,BLOCKED_SPECIFICATION,,,NOT_EVALUATED
md5,random_bytes,G-R-BGV-L,bgv,KNOWNLENGTH,8,10,0,BLOCKED_SPECIFICATION,,,NOT_EVALUATED
md5,random_bytes,G-R-BGV-L,bgv,KNOWNLENGTH,8,100,0,BLOCKED_SPECIFICATION,,,NOT_EVALUATED
md5,random_bytes,G-R-BGV-L,bgv,KNOWNLENGTH,8,1,1,BLOCKED_SPECIFICATION,,,NOT_EVALUATED
md5,random_bytes,G-R-BGV-L,bgv,KNOWNLENGTH,8,10,1,BLOCKED_SPECIFICATION,,,NOT_EVALUATED
md5,random_bytes,G-R-BGV-L,bgv,KNOWNLENGTH,8,100,1,BLOCKED_SPECIFICATION,,,NOT_EVALUATED
md5,random_bytes,G-R-BGV-L,bgv,KNOWNLENGTH,8,1,2,BLOCKED_SPECIFICATION,,,NOT_EVALUATED
md5,random_bytes,G-R-BGV-L,bgv,KNOWNLENGTH,8,10,2,BLOCKED_SPECIFICATION,,,NOT_EVALUATED
md5,random_bytes,G-R-BGV-L,bgv,KNOWNLENGTH,8,100,2,BLOCKED_SPECIFICATION,,,NOT_EVALUATED
md5,printable,D-P-L,tokens,KNOWNLENGTH,8,1,0,BLOCKED_SPECIFICATION,,,NOT_EVALUATED
md5,printable,D-P-L,tokens,KNOWNLENGTH,8,10,0,BLOCKED_SPECIFICATION,,,NOT_EVALUATED
md5,printable,D-P-L,tokens,KNOWNLENGTH,8,100,0,BLOCKED_SPECIFICATION,,,NOT_EVALUATED
md5,printable,D-P-L,tokens,KNOWNLENGTH,8,1,1,BLOCKED_SPECIFICATION,,,NOT_EVALUATED
md5,printable,D-P-L,tokens,KNOWNLENGTH,8,10,1,BLOCKED_SPECIFICATION,,,NOT_EVALUATED
md5,printable,D-P-L,tokens,KNOWNLENGTH,8,100,1,BLOCKED_SPECIFICATION,,,NOT_EVALUATED
md5,printable,D-P-L,tokens,KNOWNLENGTH,8,1,2,BLOCKED_SPECIFICATION,,,NOT_EVALUATED
md5,printable,D-P-L,tokens,KNOWNLENGTH,8,10,2,BLOCKED_SPECIFICATION,,,NOT_EVALUATED
md5,printable,D-P-L,tokens,KNOWNLENGTH,8,100,2,BLOCKED_SPECIFICATION,,,NOT_EVALUATED
md5,random_bytes,D-R-L,tokens,KNOWNLENGTH,8,1,0,BLOCKED_SPECIFICATION,,,NOT_EVALUATED
md5,random_bytes,D-R-L,tokens,KNOWNLENGTH,8,10,0,BLOCKED_SPECIFICATION,,,NOT_EVALUATED
md5,random_bytes,D-R-L,tokens,KNOWNLENGTH,8,100,0,BLOCKED_SPECIFICATION,,,NOT_EVALUATED
md5,random_bytes,D-R-L,tokens,KNOWNLENGTH,8,1,1,BLOCKED_SPECIFICATION,,,NOT_EVALUATED
md5,random_bytes,D-R-L,tokens,KNOWNLENGTH,8,10,1,BLOCKED_SPECIFICATION,,,NOT_EVALUATED
md5,random_bytes,D-R-L,tokens,KNOWNLENGTH,8,100,1,BLOCKED_SPECIFICATION,,,NOT_EVALUATED
md5,random_bytes,D-R-L,tokens,KNOWNLENGTH,8,1,2,BLOCKED_SPECIFICATION,,,NOT_EVALUATED
md5,random_bytes,D-R-L,tokens,KNOWNLENGTH,8,10,2,BLOCKED_SPECIFICATION,,,NOT_EVALUATED
md5,random_bytes,D-R-L,tokens,KNOWNLENGTH,8,100,2,BLOCKED_SPECIFICATION,,,NOT_EVALUATED
md5,printable,G-P-BGV,bgv,HASHONLY,12,1,0,BLOCKED_SPECIFICATION,,,NOT_EVALUATED
md5,printable,G-P-BGV,bgv,HASHONLY,12,10,0,BLOCKED_SPECIFICATION,,,NOT_EVALUATED
md5,printable,G-P-BGV,bgv,HASHONLY,12,100,0,BLOCKED_SPECIFICATION,,,NOT_EVALUATED
md5,printable,G-P-BGV,bgv,HASHONLY,12,1,1,BLOCKED_SPECIFICATION,,,NOT_EVALUATED
md5,printable,G-P-BGV,bgv,HASHONLY,12,10,1,BLOCKED_SPECIFICATION,,,NOT_EVALUATED
md5,printable,G-P-BGV,bgv,HASHONLY,12,100,1,BLOCKED_SPECIFICATION,,,NOT_EVALUATED
md5,printable,G-P-BGV,bgv,HASHONLY,12,1,2,BLOCKED_SPECIFICATION,,,NOT_EVALUATED
md5,printable,G-P-BGV,bgv,HASHONLY,12,10,2,BLOCKED_SPECIFICATION,,,NOT_EVALUATED
md5,printable,G-P-BGV,bgv,HASHONLY,12,100,2,BLOCKED_SPECIFICATION,,,NOT_EVALUATED
md5,printable,G-P-CG,cgge,HASHONLY,12,1,0,BLOCKED_SPECIFICATION,,,NOT_EVALUATED
md5,printable,G-P-CG,cgge,HASHONLY,12,10,0,BLOCKED_SPECIFICATION,,,NOT_EVALUATED
md5,printable,G-P-CG,cgge,HASHONLY,12,100,0,BLOCKED_SPECIFICATION,,,NOT_EVALUATED
md5,printable,G-P-CG,cgge,HASHONLY,12,1,1,BLOCKED_SPECIFICATION,,,NOT_EVALUATED
md5,printable,G-P-CG,cgge,HASHONLY,12,10,1,BLOCKED_SPECIFICATION,,,NOT_EVALUATED
md5,printable,G-P-CG,cgge,HASHONLY,12,100,1,BLOCKED_SPECIFICATION,,,NOT_EVALUATED
md5,printable,G-P-CG,cgge,HASHONLY,12,1,2,BLOCKED_SPECIFICATION,,,NOT_EVALUATED
md5,printable,G-P-CG,cgge,HASHONLY,12,10,2,BLOCKED_SPECIFICATION,,,NOT_EVALUATED
md5,printable,G-P-CG,cgge,HASHONLY,12,100,2,BLOCKED_SPECIFICATION,,,NOT_EVALUATED
md5,random_bytes,G-R-BGV,bgv,HASHONLY,12,1,0,BLOCKED_SPECIFICATION,,,NOT_EVALUATED
md5,random_bytes,G-R-BGV,bgv,HASHONLY,12,10,0,BLOCKED_SPECIFICATION,,,NOT_EVALUATED
md5,random_bytes,G-R-BGV,bgv,HASHONLY,12,100,0,BLOCKED_SPECIFICATION,,,NOT_EVALUATED
md5,random_bytes,G-R-BGV,bgv,HASHONLY,12,1,1,BLOCKED_SPECIFICATION,,,NOT_EVALUATED
md5,random_bytes,G-R-BGV,bgv,HASHONLY,12,10,1,BLOCKED_SPECIFICATION,,,NOT_EVALUATED
md5,random_bytes,G-R-BGV,bgv,HASHONLY,12,100,1,BLOCKED_SPECIFICATION,,,NOT_EVALUATED
md5,random_bytes,G-R-BGV,bgv,HASHONLY,12,1,2,BLOCKED_SPECIFICATION,,,NOT_EVALUATED
md5,random_bytes,G-R-BGV,bgv,HASHONLY,12,10,2,BLOCKED_SPECIFICATION,,,NOT_EVALUATED
md5,random_bytes,G-R-BGV,bgv,HASHONLY,12,100,2,BLOCKED_SPECIFICATION,,,NOT_EVALUATED
md5,printable,D-P,tokens,HASHONLY,12,1,0,BLOCKED_SPECIFICATION,,,NOT_EVALUATED
md5,printable,D-P,tokens,HASHONLY,12,10,0,BLOCKED_SPECIFICATION,,,NOT_EVALUATED
md5,printable,D-P,tokens,HASHONLY,12,100,0,BLOCKED_SPECIFICATION,,,NOT_EVALUATED
md5,printable,D-P,tokens,HASHONLY,12,1,1,BLOCKED_SPECIFICATION,,,NOT_EVALUATED
md5,printable,D-P,tokens,HASHONLY,12,10,1,BLOCKED_SPECIFICATION,,,NOT_EVALUATED
md5,printable,D-P,tokens,HASHONLY,12,100,1,BLOCKED_SPECIFICATION,,,NOT_EVALUATED
md5,printable,D-P,tokens,HASHONLY,12,1,2,BLOCKED_SPECIFICATION,,,NOT_EVALUATED
md5,printable,D-P,tokens,HASHONLY,12,10,2,BLOCKED_SPECIFICATION,,,NOT_EVALUATED
md5,printable,D-P,tokens,HASHONLY,12,100,2,BLOCKED_SPECIFICATION,,,NOT_EVALUATED
md5,random_bytes,D-R,tokens,HASHONLY,12,1,0,BLOCKED_SPECIFICATION,,,NOT_EVALUATED
md5,random_bytes,D-R,tokens,HASHONLY,12,10,0,BLOCKED_SPECIFICATION,,,NOT_EVALUATED
md5,random_bytes,D-R,tokens,HASHONLY,12,100,0,BLOCKED_SPECIFICATION,,,NOT_EVALUATED
md5,random_bytes,D-R,tokens,HASHONLY,12,1,1,BLOCKED_SPECIFICATION,,,NOT_EVALUATED
md5,random_bytes,D-R,tokens,HASHONLY,12,10,1,BLOCKED_SPECIFICATION,,,NOT_EVALUATED
md5,random_bytes,D-R,tokens,HASHONLY,12,100,1,BLOCKED_SPECIFICATION,,,NOT_EVALUATED
md5,random_bytes,D-R,tokens,HASHONLY,12,1,2,BLOCKED_SPECIFICATION,,,NOT_EVALUATED
md5,random_bytes,D-R,tokens,HASHONLY,12,10,2,BLOCKED_SPECIFICATION,,,NOT_EVALUATED
md5,random_bytes,D-R,tokens,HASHONLY,12,100,2,BLOCKED_SPECIFICATION,,,NOT_EVALUATED
md5,printable,G-P-BGV-L,bgv,KNOWNLENGTH,12,1,0,BLOCKED_SPECIFICATION,,,NOT_EVALUATED
md5,printable,G-P-BGV-L,bgv,KNOWNLENGTH,12,10,0,BLOCKED_SPECIFICATION,,,NOT_EVALUATED
md5,printable,G-P-BGV-L,bgv,KNOWNLENGTH,12,100,0,BLOCKED_SPECIFICATION,,,NOT_EVALUATED
md5,printable,G-P-BGV-L,bgv,KNOWNLENGTH,12,1,1,BLOCKED_SPECIFICATION,,,NOT_EVALUATED
md5,printable,G-P-BGV-L,bgv,KNOWNLENGTH,12,10,1,BLOCKED_SPECIFICATION,,,NOT_EVALUATED
md5,printable,G-P-BGV-L,bgv,KNOWNLENGTH,12,100,1,BLOCKED_SPECIFICATION,,,NOT_EVALUATED
md5,printable,G-P-BGV-L,bgv,KNOWNLENGTH,12,1,2,BLOCKED_SPECIFICATION,,,NOT_EVALUATED
md5,printable,G-P-BGV-L,bgv,KNOWNLENGTH,12,10,2,BLOCKED_SPECIFICATION,,,NOT_EVALUATED
md5,printable,G-P-BGV-L,bgv,KNOWNLENGTH,12,100,2,BLOCKED_SPECIFICATION,,,NOT_EVALUATED
md5,printable,G-P-CG-L,cgge,KNOWNLENGTH,12,1,0,BLOCKED_SPECIFICATION,,,NOT_EVALUATED
md5,printable,G-P-CG-L,cgge,KNOWNLENGTH,12,10,0,BLOCKED_SPECIFICATION,,,NOT_EVALUATED
md5,printable,G-P-CG-L,cgge,KNOWNLENGTH,12,100,0,BLOCKED_SPECIFICATION,,,NOT_EVALUATED
md5,printable,G-P-CG-L,cgge,KNOWNLENGTH,12,1,1,BLOCKED_SPECIFICATION,,,NOT_EVALUATED
md5,printable,G-P-CG-L,cgge,KNOWNLENGTH,12,10,1,BLOCKED_SPECIFICATION,,,NOT_EVALUATED
md5,printable,G-P-CG-L,cgge,KNOWNLENGTH,12,100,1,BLOCKED_SPECIFICATION,,,NOT_EVALUATED
md5,printable,G-P-CG-L,cgge,KNOWNLENGTH,12,1,2,BLOCKED_SPECIFICATION,,,NOT_EVALUATED
md5,printable,G-P-CG-L,cgge,KNOWNLENGTH,12,10,2,BLOCKED_SPECIFICATION,,,NOT_EVALUATED
md5,printable,G-P-CG-L,cgge,KNOWNLENGTH,12,100,2,BLOCKED_SPECIFICATION,,,NOT_EVALUATED
md5,random_bytes,G-R-BGV-L,bgv,KNOWNLENGTH,12,1,0,BLOCKED_SPECIFICATION,,,NOT_EVALUATED
md5,random_bytes,G-R-BGV-L,bgv,KNOWNLENGTH,12,10,0,BLOCKED_SPECIFICATION,,,NOT_EVALUATED
md5,random_bytes,G-R-BGV-L,bgv,KNOWNLENGTH,12,100,0,BLOCKED_SPECIFICATION,,,NOT_EVALUATED
md5,random_bytes,G-R-BGV-L,bgv,KNOWNLENGTH,12,1,1,BLOCKED_SPECIFICATION,,,NOT_EVALUATED
md5,random_bytes,G-R-BGV-L,bgv,KNOWNLENGTH,12,10,1,BLOCKED_SPECIFICATION,,,NOT_EVALUATED
md5,random_bytes,G-R-BGV-L,bgv,KNOWNLENGTH,12,100,1,BLOCKED_SPECIFICATION,,,NOT_EVALUATED
md5,random_bytes,G-R-BGV-L,bgv,KNOWNLENGTH,12,1,2,BLOCKED_SPECIFICATION,,,NOT_EVALUATED
md5,random_bytes,G-R-BGV-L,bgv,KNOWNLENGTH,12,10,2,BLOCKED_SPECIFICATION,,,NOT_EVALUATED
md5,random_bytes,G-R-BGV-L,bgv,KNOWNLENGTH,12,100,2,BLOCKED_SPECIFICATION,,,NOT_EVALUATED
md5,printable,D-P-L,tokens,KNOWNLENGTH,12,1,0,BLOCKED_SPECIFICATION,,,NOT_EVALUATED
md5,printable,D-P-L,tokens,KNOWNLENGTH,12,10,0,BLOCKED_SPECIFICATION,,,NOT_EVALUATED
md5,printable,D-P-L,tokens,KNOWNLENGTH,12,100,0,BLOCKED_SPECIFICATION,,,NOT_EVALUATED
md5,printable,D-P-L,tokens,KNOWNLENGTH,12,1,1,BLOCKED_SPECIFICATION,,,NOT_EVALUATED
md5,printable,D-P-L,tokens,KNOWNLENGTH,12,10,1,BLOCKED_SPECIFICATION,,,NOT_EVALUATED
md5,printable,D-P-L,tokens,KNOWNLENGTH,12,100,1,BLOCKED_SPECIFICATION,,,NOT_EVALUATED
md5,printable,D-P-L,tokens,KNOWNLENGTH,12,1,2,BLOCKED_SPECIFICATION,,,NOT_EVALUATED
md5,printable,D-P-L,tokens,KNOWNLENGTH,12,10,2,BLOCKED_SPECIFICATION,,,NOT_EVALUATED
md5,printable,D-P-L,tokens,KNOWNLENGTH,12,100,2,BLOCKED_SPECIFICATION,,,NOT_EVALUATED
md5,random_bytes,D-R-L,tokens,KNOWNLENGTH,12,1,0,BLOCKED_SPECIFICATION,,,NOT_EVALUATED
md5,random_bytes,D-R-L,tokens,KNOWNLENGTH,12,10,0,BLOCKED_SPECIFICATION,,,NOT_EVALUATED
md5,random_bytes,D-R-L,tokens,KNOWNLENGTH,12,100,0,BLOCKED_SPECIFICATION,,,NOT_EVALUATED
md5,random_bytes,D-R-L,tokens,KNOWNLENGTH,12,1,1,BLOCKED_SPECIFICATION,,,NOT_EVALUATED
md5,random_bytes,D-R-L,tokens,KNOWNLENGTH,12,10,1,BLOCKED_SPECIFICATION,,,NOT_EVALUATED
md5,random_bytes,D-R-L,tokens,KNOWNLENGTH,12,100,1,BLOCKED_SPECIFICATION,,,NOT_EVALUATED
md5,random_bytes,D-R-L,tokens,KNOWNLENGTH,12,1,2,BLOCKED_SPECIFICATION,,,NOT_EVALUATED
md5,random_bytes,D-R-L,tokens,KNOWNLENGTH,12,10,2,BLOCKED_SPECIFICATION,,,NOT_EVALUATED
md5,random_bytes,D-R-L,tokens,KNOWNLENGTH,12,100,2,BLOCKED_SPECIFICATION,,,NOT_EVALUATED
md5,printable,G-P-BGV,bgv,HASHONLY,16,1,0,BLOCKED_SPECIFICATION,,,NOT_EVALUATED
md5,printable,G-P-BGV,bgv,HASHONLY,16,10,0,BLOCKED_SPECIFICATION,,,NOT_EVALUATED
md5,printable,G-P-BGV,bgv,HASHONLY,16,100,0,BLOCKED_SPECIFICATION,,,NOT_EVALUATED
md5,printable,G-P-BGV,bgv,HASHONLY,16,1,1,BLOCKED_SPECIFICATION,,,NOT_EVALUATED
md5,printable,G-P-BGV,bgv,HASHONLY,16,10,1,BLOCKED_SPECIFICATION,,,NOT_EVALUATED
md5,printable,G-P-BGV,bgv,HASHONLY,16,100,1,BLOCKED_SPECIFICATION,,,NOT_EVALUATED
md5,printable,G-P-BGV,bgv,HASHONLY,16,1,2,BLOCKED_SPECIFICATION,,,NOT_EVALUATED
md5,printable,G-P-BGV,bgv,HASHONLY,16,10,2,BLOCKED_SPECIFICATION,,,NOT_EVALUATED
md5,printable,G-P-BGV,bgv,HASHONLY,16,100,2,BLOCKED_SPECIFICATION,,,NOT_EVALUATED
md5,printable,G-P-CG,cgge,HASHONLY,16,1,0,BLOCKED_SPECIFICATION,,,NOT_EVALUATED
md5,printable,G-P-CG,cgge,HASHONLY,16,10,0,BLOCKED_SPECIFICATION,,,NOT_EVALUATED
md5,printable,G-P-CG,cgge,HASHONLY,16,100,0,BLOCKED_SPECIFICATION,,,NOT_EVALUATED
md5,printable,G-P-CG,cgge,HASHONLY,16,1,1,BLOCKED_SPECIFICATION,,,NOT_EVALUATED
md5,printable,G-P-CG,cgge,HASHONLY,16,10,1,BLOCKED_SPECIFICATION,,,NOT_EVALUATED
md5,printable,G-P-CG,cgge,HASHONLY,16,100,1,BLOCKED_SPECIFICATION,,,NOT_EVALUATED
md5,printable,G-P-CG,cgge,HASHONLY,16,1,2,BLOCKED_SPECIFICATION,,,NOT_EVALUATED
md5,printable,G-P-CG,cgge,HASHONLY,16,10,2,BLOCKED_SPECIFICATION,,,NOT_EVALUATED
md5,printable,G-P-CG,cgge,HASHONLY,16,100,2,BLOCKED_SPECIFICATION,,,NOT_EVALUATED
md5,random_bytes,G-R-BGV,bgv,HASHONLY,16,1,0,BLOCKED_SPECIFICATION,,,NOT_EVALUATED
md5,random_bytes,G-R-BGV,bgv,HASHONLY,16,10,0,BLOCKED_SPECIFICATION,,,NOT_EVALUATED
md5,random_bytes,G-R-BGV,bgv,HASHONLY,16,100,0,BLOCKED_SPECIFICATION,,,NOT_EVALUATED
md5,random_bytes,G-R-BGV,bgv,HASHONLY,16,1,1,BLOCKED_SPECIFICATION,,,NOT_EVALUATED
md5,random_bytes,G-R-BGV,bgv,HASHONLY,16,10,1,BLOCKED_SPECIFICATION,,,NOT_EVALUATED
md5,random_bytes,G-R-BGV,bgv,HASHONLY,16,100,1,BLOCKED_SPECIFICATION,,,NOT_EVALUATED
md5,random_bytes,G-R-BGV,bgv,HASHONLY,16,1,2,BLOCKED_SPECIFICATION,,,NOT_EVALUATED
md5,random_bytes,G-R-BGV,bgv,HASHONLY,16,10,2,BLOCKED_SPECIFICATION,,,NOT_EVALUATED
md5,random_bytes,G-R-BGV,bgv,HASHONLY,16,100,2,BLOCKED_SPECIFICATION,,,NOT_EVALUATED
md5,printable,D-P,tokens,HASHONLY,16,1,0,BLOCKED_SPECIFICATION,,,NOT_EVALUATED
md5,printable,D-P,tokens,HASHONLY,16,10,0,BLOCKED_SPECIFICATION,,,NOT_EVALUATED
md5,printable,D-P,tokens,HASHONLY,16,100,0,BLOCKED_SPECIFICATION,,,NOT_EVALUATED
md5,printable,D-P,tokens,HASHONLY,16,1,1,BLOCKED_SPECIFICATION,,,NOT_EVALUATED
md5,printable,D-P,tokens,HASHONLY,16,10,1,BLOCKED_SPECIFICATION,,,NOT_EVALUATED
md5,printable,D-P,tokens,HASHONLY,16,100,1,BLOCKED_SPECIFICATION,,,NOT_EVALUATED
md5,printable,D-P,tokens,HASHONLY,16,1,2,BLOCKED_SPECIFICATION,,,NOT_EVALUATED
md5,printable,D-P,tokens,HASHONLY,16,10,2,BLOCKED_SPECIFICATION,,,NOT_EVALUATED
md5,printable,D-P,tokens,HASHONLY,16,100,2,BLOCKED_SPECIFICATION,,,NOT_EVALUATED
md5,random_bytes,D-R,tokens,HASHONLY,16,1,0,BLOCKED_SPECIFICATION,,,NOT_EVALUATED
md5,random_bytes,D-R,tokens,HASHONLY,16,10,0,BLOCKED_SPECIFICATION,,,NOT_EVALUATED
md5,random_bytes,D-R,tokens,HASHONLY,16,100,0,BLOCKED_SPECIFICATION,,,NOT_EVALUATED
md5,random_bytes,D-R,tokens,HASHONLY,16,1,1,BLOCKED_SPECIFICATION,,,NOT_EVALUATED
md5,random_bytes,D-R,tokens,HASHONLY,16,10,1,BLOCKED_SPECIFICATION,,,NOT_EVALUATED
md5,random_bytes,D-R,tokens,HASHONLY,16,100,1,BLOCKED_SPECIFICATION,,,NOT_EVALUATED
md5,random_bytes,D-R,tokens,HASHONLY,16,1,2,BLOCKED_SPECIFICATION,,,NOT_EVALUATED
md5,random_bytes,D-R,tokens,HASHONLY,16,10,2,BLOCKED_SPECIFICATION,,,NOT_EVALUATED
md5,random_bytes,D-R,tokens,HASHONLY,16,100,2,BLOCKED_SPECIFICATION,,,NOT_EVALUATED
md5,printable,G-P-BGV-L,bgv,KNOWNLENGTH,16,1,0,BLOCKED_SPECIFICATION,,,NOT_EVALUATED
md5,printable,G-P-BGV-L,bgv,KNOWNLENGTH,16,10,0,BLOCKED_SPECIFICATION,,,NOT_EVALUATED
md5,printable,G-P-BGV-L,bgv,KNOWNLENGTH,16,100,0,BLOCKED_SPECIFICATION,,,NOT_EVALUATED
md5,printable,G-P-BGV-L,bgv,KNOWNLENGTH,16,1,1,BLOCKED_SPECIFICATION,,,NOT_EVALUATED
md5,printable,G-P-BGV-L,bgv,KNOWNLENGTH,16,10,1,BLOCKED_SPECIFICATION,,,NOT_EVALUATED
md5,printable,G-P-BGV-L,bgv,KNOWNLENGTH,16,100,1,BLOCKED_SPECIFICATION,,,NOT_EVALUATED
md5,printable,G-P-BGV-L,bgv,KNOWNLENGTH,16,1,2,BLOCKED_SPECIFICATION,,,NOT_EVALUATED
md5,printable,G-P-BGV-L,bgv,KNOWNLENGTH,16,10,2,BLOCKED_SPECIFICATION,,,NOT_EVALUATED
md5,printable,G-P-BGV-L,bgv,KNOWNLENGTH,16,100,2,BLOCKED_SPECIFICATION,,,NOT_EVALUATED
md5,printable,G-P-CG-L,cgge,KNOWNLENGTH,16,1,0,BLOCKED_SPECIFICATION,,,NOT_EVALUATED
md5,printable,G-P-CG-L,cgge,KNOWNLENGTH,16,10,0,BLOCKED_SPECIFICATION,,,NOT_EVALUATED
md5,printable,G-P-CG-L,cgge,KNOWNLENGTH,16,100,0,BLOCKED_SPECIFICATION,,,NOT_EVALUATED
md5,printable,G-P-CG-L,cgge,KNOWNLENGTH,16,1,1,BLOCKED_SPECIFICATION,,,NOT_EVALUATED
md5,printable,G-P-CG-L,cgge,KNOWNLENGTH,16,10,1,BLOCKED_SPECIFICATION,,,NOT_EVALUATED
md5,printable,G-P-CG-L,cgge,KNOWNLENGTH,16,100,1,BLOCKED_SPECIFICATION,,,NOT_EVALUATED
md5,printable,G-P-CG-L,cgge,KNOWNLENGTH,16,1,2,BLOCKED_SPECIFICATION,,,NOT_EVALUATED
md5,printable,G-P-CG-L,cgge,KNOWNLENGTH,16,10,2,BLOCKED_SPECIFICATION,,,NOT_EVALUATED
md5,printable,G-P-CG-L,cgge,KNOWNLENGTH,16,100,2,BLOCKED_SPECIFICATION,,,NOT_EVALUATED
md5,random_bytes,G-R-BGV-L,bgv,KNOWNLENGTH,16,1,0,BLOCKED_SPECIFICATION,,,NOT_EVALUATED
md5,random_bytes,G-R-BGV-L,bgv,KNOWNLENGTH,16,10,0,BLOCKED_SPECIFICATION,,,NOT_EVALUATED
md5,random_bytes,G-R-BGV-L,bgv,KNOWNLENGTH,16,100,0,BLOCKED_SPECIFICATION,,,NOT_EVALUATED
md5,random_bytes,G-R-BGV-L,bgv,KNOWNLENGTH,16,1,1,BLOCKED_SPECIFICATION,,,NOT_EVALUATED
md5,random_bytes,G-R-BGV-L,bgv,KNOWNLENGTH,16,10,1,BLOCKED_SPECIFICATION,,,NOT_EVALUATED
md5,random_bytes,G-R-BGV-L,bgv,KNOWNLENGTH,16,100,1,BLOCKED_SPECIFICATION,,,NOT_EVALUATED
md5,random_bytes,G-R-BGV-L,bgv,KNOWNLENGTH,16,1,2,BLOCKED_SPECIFICATION,,,NOT_EVALUATED
md5,random_bytes,G-R-BGV-L,bgv,KNOWNLENGTH,16,10,2,BLOCKED_SPECIFICATION,,,NOT_EVALUATED
md5,random_bytes,G-R-BGV-L,bgv,KNOWNLENGTH,16,100,2,BLOCKED_SPECIFICATION,,,NOT_EVALUATED
md5,printable,D-P-L,tokens,KNOWNLENGTH,16,1,0,BLOCKED_SPECIFICATION,,,NOT_EVALUATED
md5,printable,D-P-L,tokens,KNOWNLENGTH,16,10,0,BLOCKED_SPECIFICATION,,,NOT_EVALUATED
md5,printable,D-P-L,tokens,KNOWNLENGTH,16,100,0,BLOCKED_SPECIFICATION,,,NOT_EVALUATED
md5,printable,D-P-L,tokens,KNOWNLENGTH,16,1,1,BLOCKED_SPECIFICATION,,,NOT_EVALUATED
md5,printable,D-P-L,tokens,KNOWNLENGTH,16,10,1,BLOCKED_SPECIFICATION,,,NOT_EVALUATED
md5,printable,D-P-L,tokens,KNOWNLENGTH,16,100,1,BLOCKED_SPECIFICATION,,,NOT_EVALUATED
md5,printable,D-P-L,tokens,KNOWNLENGTH,16,1,2,BLOCKED_SPECIFICATION,,,NOT_EVALUATED
md5,printable,D-P-L,tokens,KNOWNLENGTH,16,10,2,BLOCKED_SPECIFICATION,,,NOT_EVALUATED
md5,printable,D-P-L,tokens,KNOWNLENGTH,16,100,2,BLOCKED_SPECIFICATION,,,NOT_EVALUATED
md5,random_bytes,D-R-L,tokens,KNOWNLENGTH,16,1,0,BLOCKED_SPECIFICATION,,,NOT_EVALUATED
md5,random_bytes,D-R-L,tokens,KNOWNLENGTH,16,10,0,BLOCKED_SPECIFICATION,,,NOT_EVALUATED
md5,random_bytes,D-R-L,tokens,KNOWNLENGTH,16,100,0,BLOCKED_SPECIFICATION,,,NOT_EVALUATED
md5,random_bytes,D-R-L,tokens,KNOWNLENGTH,16,1,1,BLOCKED_SPECIFICATION,,,NOT_EVALUATED
md5,random_bytes,D-R-L,tokens,KNOWNLENGTH,16,10,1,BLOCKED_SPECIFICATION,,,NOT_EVALUATED
md5,random_bytes,D-R-L,tokens,KNOWNLENGTH,16,100,1,BLOCKED_SPECIFICATION,,,NOT_EVALUATED
md5,random_bytes,D-R-L,tokens,KNOWNLENGTH,16,1,2,BLOCKED_SPECIFICATION,,,NOT_EVALUATED
md5,random_bytes,D-R-L,tokens,KNOWNLENGTH,16,10,2,BLOCKED_SPECIFICATION,,,NOT_EVALUATED
md5,random_bytes,D-R-L,tokens,KNOWNLENGTH,16,100,2,BLOCKED_SPECIFICATION,,,NOT_EVALUATED
md5,printable,G-P-BGV,bgv,HASHONLY,20,1,0,BLOCKED_SPECIFICATION,,,NOT_EVALUATED
md5,printable,G-P-BGV,bgv,HASHONLY,20,10,0,BLOCKED_SPECIFICATION,,,NOT_EVALUATED
md5,printable,G-P-BGV,bgv,HASHONLY,20,100,0,BLOCKED_SPECIFICATION,,,NOT_EVALUATED
md5,printable,G-P-BGV,bgv,HASHONLY,20,1,1,BLOCKED_SPECIFICATION,,,NOT_EVALUATED
md5,printable,G-P-BGV,bgv,HASHONLY,20,10,1,BLOCKED_SPECIFICATION,,,NOT_EVALUATED
md5,printable,G-P-BGV,bgv,HASHONLY,20,100,1,BLOCKED_SPECIFICATION,,,NOT_EVALUATED
md5,printable,G-P-BGV,bgv,HASHONLY,20,1,2,BLOCKED_SPECIFICATION,,,NOT_EVALUATED
md5,printable,G-P-BGV,bgv,HASHONLY,20,10,2,BLOCKED_SPECIFICATION,,,NOT_EVALUATED
md5,printable,G-P-BGV,bgv,HASHONLY,20,100,2,BLOCKED_SPECIFICATION,,,NOT_EVALUATED
md5,printable,G-P-CG,cgge,HASHONLY,20,1,0,BLOCKED_SPECIFICATION,,,NOT_EVALUATED
md5,printable,G-P-CG,cgge,HASHONLY,20,10,0,BLOCKED_SPECIFICATION,,,NOT_EVALUATED
md5,printable,G-P-CG,cgge,HASHONLY,20,100,0,BLOCKED_SPECIFICATION,,,NOT_EVALUATED
md5,printable,G-P-CG,cgge,HASHONLY,20,1,1,BLOCKED_SPECIFICATION,,,NOT_EVALUATED
md5,printable,G-P-CG,cgge,HASHONLY,20,10,1,BLOCKED_SPECIFICATION,,,NOT_EVALUATED
md5,printable,G-P-CG,cgge,HASHONLY,20,100,1,BLOCKED_SPECIFICATION,,,NOT_EVALUATED
md5,printable,G-P-CG,cgge,HASHONLY,20,1,2,BLOCKED_SPECIFICATION,,,NOT_EVALUATED
md5,printable,G-P-CG,cgge,HASHONLY,20,10,2,BLOCKED_SPECIFICATION,,,NOT_EVALUATED
md5,printable,G-P-CG,cgge,HASHONLY,20,100,2,BLOCKED_SPECIFICATION,,,NOT_EVALUATED
md5,random_bytes,G-R-BGV,bgv,HASHONLY,20,1,0,BLOCKED_SPECIFICATION,,,NOT_EVALUATED
md5,random_bytes,G-R-BGV,bgv,HASHONLY,20,10,0,BLOCKED_SPECIFICATION,,,NOT_EVALUATED
md5,random_bytes,G-R-BGV,bgv,HASHONLY,20,100,0,BLOCKED_SPECIFICATION,,,NOT_EVALUATED
md5,random_bytes,G-R-BGV,bgv,HASHONLY,20,1,1,BLOCKED_SPECIFICATION,,,NOT_EVALUATED
md5,random_bytes,G-R-BGV,bgv,HASHONLY,20,10,1,BLOCKED_SPECIFICATION,,,NOT_EVALUATED
md5,random_bytes,G-R-BGV,bgv,HASHONLY,20,100,1,BLOCKED_SPECIFICATION,,,NOT_EVALUATED
md5,random_bytes,G-R-BGV,bgv,HASHONLY,20,1,2,BLOCKED_SPECIFICATION,,,NOT_EVALUATED
md5,random_bytes,G-R-BGV,bgv,HASHONLY,20,10,2,BLOCKED_SPECIFICATION,,,NOT_EVALUATED
md5,random_bytes,G-R-BGV,bgv,HASHONLY,20,100,2,BLOCKED_SPECIFICATION,,,NOT_EVALUATED
md5,printable,D-P,tokens,HASHONLY,20,1,0,BLOCKED_SPECIFICATION,,,NOT_EVALUATED
md5,printable,D-P,tokens,HASHONLY,20,10,0,BLOCKED_SPECIFICATION,,,NOT_EVALUATED
md5,printable,D-P,tokens,HASHONLY,20,100,0,BLOCKED_SPECIFICATION,,,NOT_EVALUATED
md5,printable,D-P,tokens,HASHONLY,20,1,1,BLOCKED_SPECIFICATION,,,NOT_EVALUATED
md5,printable,D-P,tokens,HASHONLY,20,10,1,BLOCKED_SPECIFICATION,,,NOT_EVALUATED
md5,printable,D-P,tokens,HASHONLY,20,100,1,BLOCKED_SPECIFICATION,,,NOT_EVALUATED
md5,printable,D-P,tokens,HASHONLY,20,1,2,BLOCKED_SPECIFICATION,,,NOT_EVALUATED
md5,printable,D-P,tokens,HASHONLY,20,10,2,BLOCKED_SPECIFICATION,,,NOT_EVALUATED
md5,printable,D-P,tokens,HASHONLY,20,100,2,BLOCKED_SPECIFICATION,,,NOT_EVALUATED
md5,random_bytes,D-R,tokens,HASHONLY,20,1,0,BLOCKED_SPECIFICATION,,,NOT_EVALUATED
md5,random_bytes,D-R,tokens,HASHONLY,20,10,0,BLOCKED_SPECIFICATION,,,NOT_EVALUATED
md5,random_bytes,D-R,tokens,HASHONLY,20,100,0,BLOCKED_SPECIFICATION,,,NOT_EVALUATED
md5,random_bytes,D-R,tokens,HASHONLY,20,1,1,BLOCKED_SPECIFICATION,,,NOT_EVALUATED
md5,random_bytes,D-R,tokens,HASHONLY,20,10,1,BLOCKED_SPECIFICATION,,,NOT_EVALUATED
md5,random_bytes,D-R,tokens,HASHONLY,20,100,1,BLOCKED_SPECIFICATION,,,NOT_EVALUATED
md5,random_bytes,D-R,tokens,HASHONLY,20,1,2,BLOCKED_SPECIFICATION,,,NOT_EVALUATED
md5,random_bytes,D-R,tokens,HASHONLY,20,10,2,BLOCKED_SPECIFICATION,,,NOT_EVALUATED
md5,random_bytes,D-R,tokens,HASHONLY,20,100,2,BLOCKED_SPECIFICATION,,,NOT_EVALUATED
md5,printable,G-P-BGV-L,bgv,KNOWNLENGTH,20,1,0,BLOCKED_SPECIFICATION,,,NOT_EVALUATED
md5,printable,G-P-BGV-L,bgv,KNOWNLENGTH,20,10,0,BLOCKED_SPECIFICATION,,,NOT_EVALUATED
md5,printable,G-P-BGV-L,bgv,KNOWNLENGTH,20,100,0,BLOCKED_SPECIFICATION,,,NOT_EVALUATED
md5,printable,G-P-BGV-L,bgv,KNOWNLENGTH,20,1,1,BLOCKED_SPECIFICATION,,,NOT_EVALUATED
md5,printable,G-P-BGV-L,bgv,KNOWNLENGTH,20,10,1,BLOCKED_SPECIFICATION,,,NOT_EVALUATED
md5,printable,G-P-BGV-L,bgv,KNOWNLENGTH,20,100,1,BLOCKED_SPECIFICATION,,,NOT_EVALUATED
md5,printable,G-P-BGV-L,bgv,KNOWNLENGTH,20,1,2,BLOCKED_SPECIFICATION,,,NOT_EVALUATED
md5,printable,G-P-BGV-L,bgv,KNOWNLENGTH,20,10,2,BLOCKED_SPECIFICATION,,,NOT_EVALUATED
md5,printable,G-P-BGV-L,bgv,KNOWNLENGTH,20,100,2,BLOCKED_SPECIFICATION,,,NOT_EVALUATED
md5,printable,G-P-CG-L,cgge,KNOWNLENGTH,20,1,0,BLOCKED_SPECIFICATION,,,NOT_EVALUATED
md5,printable,G-P-CG-L,cgge,KNOWNLENGTH,20,10,0,BLOCKED_SPECIFICATION,,,NOT_EVALUATED
md5,printable,G-P-CG-L,cgge,KNOWNLENGTH,20,100,0,BLOCKED_SPECIFICATION,,,NOT_EVALUATED
md5,printable,G-P-CG-L,cgge,KNOWNLENGTH,20,1,1,BLOCKED_SPECIFICATION,,,NOT_EVALUATED
md5,printable,G-P-CG-L,cgge,KNOWNLENGTH,20,10,1,BLOCKED_SPECIFICATION,,,NOT_EVALUATED
md5,printable,G-P-CG-L,cgge,KNOWNLENGTH,20,100,1,BLOCKED_SPECIFICATION,,,NOT_EVALUATED
md5,printable,G-P-CG-L,cgge,KNOWNLENGTH,20,1,2,BLOCKED_SPECIFICATION,,,NOT_EVALUATED
md5,printable,G-P-CG-L,cgge,KNOWNLENGTH,20,10,2,BLOCKED_SPECIFICATION,,,NOT_EVALUATED
md5,printable,G-P-CG-L,cgge,KNOWNLENGTH,20,100,2,BLOCKED_SPECIFICATION,,,NOT_EVALUATED
md5,random_bytes,G-R-BGV-L,bgv,KNOWNLENGTH,20,1,0,BLOCKED_SPECIFICATION,,,NOT_EVALUATED
md5,random_bytes,G-R-BGV-L,bgv,KNOWNLENGTH,20,10,0,BLOCKED_SPECIFICATION,,,NOT_EVALUATED
md5,random_bytes,G-R-BGV-L,bgv,KNOWNLENGTH,20,100,0,BLOCKED_SPECIFICATION,,,NOT_EVALUATED
md5,random_bytes,G-R-BGV-L,bgv,KNOWNLENGTH,20,1,1,BLOCKED_SPECIFICATION,,,NOT_EVALUATED
md5,random_bytes,G-R-BGV-L,bgv,KNOWNLENGTH,20,10,1,BLOCKED_SPECIFICATION,,,NOT_EVALUATED
md5,random_bytes,G-R-BGV-L,bgv,KNOWNLENGTH,20,100,1,BLOCKED_SPECIFICATION,,,NOT_EVALUATED
md5,random_bytes,G-R-BGV-L,bgv,KNOWNLENGTH,20,1,2,BLOCKED_SPECIFICATION,,,NOT_EVALUATED
md5,random_bytes,G-R-BGV-L,bgv,KNOWNLENGTH,20,10,2,BLOCKED_SPECIFICATION,,,NOT_EVALUATED
md5,random_bytes,G-R-BGV-L,bgv,KNOWNLENGTH,20,100,2,BLOCKED_SPECIFICATION,,,NOT_EVALUATED
md5,printable,D-P-L,tokens,KNOWNLENGTH,20,1,0,BLOCKED_SPECIFICATION,,,NOT_EVALUATED
md5,printable,D-P-L,tokens,KNOWNLENGTH,20,10,0,BLOCKED_SPECIFICATION,,,NOT_EVALUATED
md5,printable,D-P-L,tokens,KNOWNLENGTH,20,100,0,BLOCKED_SPECIFICATION,,,NOT_EVALUATED
md5,printable,D-P-L,tokens,KNOWNLENGTH,20,1,1,BLOCKED_SPECIFICATION,,,NOT_EVALUATED
md5,printable,D-P-L,tokens,KNOWNLENGTH,20,10,1,BLOCKED_SPECIFICATION,,,NOT_EVALUATED
md5,printable,D-P-L,tokens,KNOWNLENGTH,20,100,1,BLOCKED_SPECIFICATION,,,NOT_EVALUATED
md5,printable,D-P-L,tokens,KNOWNLENGTH,20,1,2,BLOCKED_SPECIFICATION,,,NOT_EVALUATED
md5,printable,D-P-L,tokens,KNOWNLENGTH,20,10,2,BLOCKED_SPECIFICATION,,,NOT_EVALUATED
md5,printable,D-P-L,tokens,KNOWNLENGTH,20,100,2,BLOCKED_SPECIFICATION,,,NOT_EVALUATED
md5,random_bytes,D-R-L,tokens,KNOWNLENGTH,20,1,0,BLOCKED_SPECIFICATION,,,NOT_EVALUATED
md5,random_bytes,D-R-L,tokens,KNOWNLENGTH,20,10,0,BLOCKED_SPECIFICATION,,,NOT_EVALUATED
md5,random_bytes,D-R-L,tokens,KNOWNLENGTH,20,100,0,BLOCKED_SPECIFICATION,,,NOT_EVALUATED
md5,random_bytes,D-R-L,tokens,KNOWNLENGTH,20,1,1,BLOCKED_SPECIFICATION,,,NOT_EVALUATED
md5,random_bytes,D-R-L,tokens,KNOWNLENGTH,20,10,1,BLOCKED_SPECIFICATION,,,NOT_EVALUATED
md5,random_bytes,D-R-L,tokens,KNOWNLENGTH,20,100,1,BLOCKED_SPECIFICATION,,,NOT_EVALUATED
md5,random_bytes,D-R-L,tokens,KNOWNLENGTH,20,1,2,BLOCKED_SPECIFICATION,,,NOT_EVALUATED
md5,random_bytes,D-R-L,tokens,KNOWNLENGTH,20,10,2,BLOCKED_SPECIFICATION,,,NOT_EVALUATED
md5,random_bytes,D-R-L,tokens,KNOWNLENGTH,20,100,2,BLOCKED_SPECIFICATION,,,NOT_EVALUATED
md5,printable,G-P-BGV,bgv,HASHONLY,24,1,0,BLOCKED_SPECIFICATION,,,NOT_EVALUATED
md5,printable,G-P-BGV,bgv,HASHONLY,24,10,0,BLOCKED_SPECIFICATION,,,NOT_EVALUATED
md5,printable,G-P-BGV,bgv,HASHONLY,24,100,0,BLOCKED_SPECIFICATION,,,NOT_EVALUATED
md5,printable,G-P-BGV,bgv,HASHONLY,24,1,1,BLOCKED_SPECIFICATION,,,NOT_EVALUATED
md5,printable,G-P-BGV,bgv,HASHONLY,24,10,1,BLOCKED_SPECIFICATION,,,NOT_EVALUATED
md5,printable,G-P-BGV,bgv,HASHONLY,24,100,1,BLOCKED_SPECIFICATION,,,NOT_EVALUATED
md5,printable,G-P-BGV,bgv,HASHONLY,24,1,2,BLOCKED_SPECIFICATION,,,NOT_EVALUATED
md5,printable,G-P-BGV,bgv,HASHONLY,24,10,2,BLOCKED_SPECIFICATION,,,NOT_EVALUATED
md5,printable,G-P-BGV,bgv,HASHONLY,24,100,2,BLOCKED_SPECIFICATION,,,NOT_EVALUATED
md5,printable,G-P-CG,cgge,HASHONLY,24,1,0,BLOCKED_SPECIFICATION,,,NOT_EVALUATED
md5,printable,G-P-CG,cgge,HASHONLY,24,10,0,BLOCKED_SPECIFICATION,,,NOT_EVALUATED
md5,printable,G-P-CG,cgge,HASHONLY,24,100,0,BLOCKED_SPECIFICATION,,,NOT_EVALUATED
md5,printable,G-P-CG,cgge,HASHONLY,24,1,1,BLOCKED_SPECIFICATION,,,NOT_EVALUATED
md5,printable,G-P-CG,cgge,HASHONLY,24,10,1,BLOCKED_SPECIFICATION,,,NOT_EVALUATED
md5,printable,G-P-CG,cgge,HASHONLY,24,100,1,BLOCKED_SPECIFICATION,,,NOT_EVALUATED
md5,printable,G-P-CG,cgge,HASHONLY,24,1,2,BLOCKED_SPECIFICATION,,,NOT_EVALUATED
md5,printable,G-P-CG,cgge,HASHONLY,24,10,2,BLOCKED_SPECIFICATION,,,NOT_EVALUATED
md5,printable,G-P-CG,cgge,HASHONLY,24,100,2,BLOCKED_SPECIFICATION,,,NOT_EVALUATED
md5,random_bytes,G-R-BGV,bgv,HASHONLY,24,1,0,BLOCKED_SPECIFICATION,,,NOT_EVALUATED
md5,random_bytes,G-R-BGV,bgv,HASHONLY,24,10,0,BLOCKED_SPECIFICATION,,,NOT_EVALUATED
md5,random_bytes,G-R-BGV,bgv,HASHONLY,24,100,0,BLOCKED_SPECIFICATION,,,NOT_EVALUATED
md5,random_bytes,G-R-BGV,bgv,HASHONLY,24,1,1,BLOCKED_SPECIFICATION,,,NOT_EVALUATED
md5,random_bytes,G-R-BGV,bgv,HASHONLY,24,10,1,BLOCKED_SPECIFICATION,,,NOT_EVALUATED
md5,random_bytes,G-R-BGV,bgv,HASHONLY,24,100,1,BLOCKED_SPECIFICATION,,,NOT_EVALUATED
md5,random_bytes,G-R-BGV,bgv,HASHONLY,24,1,2,BLOCKED_SPECIFICATION,,,NOT_EVALUATED
md5,random_bytes,G-R-BGV,bgv,HASHONLY,24,10,2,BLOCKED_SPECIFICATION,,,NOT_EVALUATED
md5,random_bytes,G-R-BGV,bgv,HASHONLY,24,100,2,BLOCKED_SPECIFICATION,,,NOT_EVALUATED
md5,printable,D-P,tokens,HASHONLY,24,1,0,BLOCKED_SPECIFICATION,,,NOT_EVALUATED
md5,printable,D-P,tokens,HASHONLY,24,10,0,BLOCKED_SPECIFICATION,,,NOT_EVALUATED
md5,printable,D-P,tokens,HASHONLY,24,100,0,BLOCKED_SPECIFICATION,,,NOT_EVALUATED
md5,printable,D-P,tokens,HASHONLY,24,1,1,BLOCKED_SPECIFICATION,,,NOT_EVALUATED
md5,printable,D-P,tokens,HASHONLY,24,10,1,BLOCKED_SPECIFICATION,,,NOT_EVALUATED
md5,printable,D-P,tokens,HASHONLY,24,100,1,BLOCKED_SPECIFICATION,,,NOT_EVALUATED
md5,printable,D-P,tokens,HASHONLY,24,1,2,BLOCKED_SPECIFICATION,,,NOT_EVALUATED
md5,printable,D-P,tokens,HASHONLY,24,10,2,BLOCKED_SPECIFICATION,,,NOT_EVALUATED
md5,printable,D-P,tokens,HASHONLY,24,100,2,BLOCKED_SPECIFICATION,,,NOT_EVALUATED
md5,random_bytes,D-R,tokens,HASHONLY,24,1,0,BLOCKED_SPECIFICATION,,,NOT_EVALUATED
md5,random_bytes,D-R,tokens,HASHONLY,24,10,0,BLOCKED_SPECIFICATION,,,NOT_EVALUATED
md5,random_bytes,D-R,tokens,HASHONLY,24,100,0,BLOCKED_SPECIFICATION,,,NOT_EVALUATED
md5,random_bytes,D-R,tokens,HASHONLY,24,1,1,BLOCKED_SPECIFICATION,,,NOT_EVALUATED
md5,random_bytes,D-R,tokens,HASHONLY,24,10,1,BLOCKED_SPECIFICATION,,,NOT_EVALUATED
md5,random_bytes,D-R,tokens,HASHONLY,24,100,1,BLOCKED_SPECIFICATION,,,NOT_EVALUATED
md5,random_bytes,D-R,tokens,HASHONLY,24,1,2,BLOCKED_SPECIFICATION,,,NOT_EVALUATED
md5,random_bytes,D-R,tokens,HASHONLY,24,10,2,BLOCKED_SPECIFICATION,,,NOT_EVALUATED
md5,random_bytes,D-R,tokens,HASHONLY,24,100,2,BLOCKED_SPECIFICATION,,,NOT_EVALUATED
md5,printable,G-P-BGV-L,bgv,KNOWNLENGTH,24,1,0,BLOCKED_SPECIFICATION,,,NOT_EVALUATED
md5,printable,G-P-BGV-L,bgv,KNOWNLENGTH,24,10,0,BLOCKED_SPECIFICATION,,,NOT_EVALUATED
md5,printable,G-P-BGV-L,bgv,KNOWNLENGTH,24,100,0,BLOCKED_SPECIFICATION,,,NOT_EVALUATED
md5,printable,G-P-BGV-L,bgv,KNOWNLENGTH,24,1,1,BLOCKED_SPECIFICATION,,,NOT_EVALUATED
md5,printable,G-P-BGV-L,bgv,KNOWNLENGTH,24,10,1,BLOCKED_SPECIFICATION,,,NOT_EVALUATED
md5,printable,G-P-BGV-L,bgv,KNOWNLENGTH,24,100,1,BLOCKED_SPECIFICATION,,,NOT_EVALUATED
md5,printable,G-P-BGV-L,bgv,KNOWNLENGTH,24,1,2,BLOCKED_SPECIFICATION,,,NOT_EVALUATED
md5,printable,G-P-BGV-L,bgv,KNOWNLENGTH,24,10,2,BLOCKED_SPECIFICATION,,,NOT_EVALUATED
md5,printable,G-P-BGV-L,bgv,KNOWNLENGTH,24,100,2,BLOCKED_SPECIFICATION,,,NOT_EVALUATED
md5,printable,G-P-CG-L,cgge,KNOWNLENGTH,24,1,0,BLOCKED_SPECIFICATION,,,NOT_EVALUATED
md5,printable,G-P-CG-L,cgge,KNOWNLENGTH,24,10,0,BLOCKED_SPECIFICATION,,,NOT_EVALUATED
md5,printable,G-P-CG-L,cgge,KNOWNLENGTH,24,100,0,BLOCKED_SPECIFICATION,,,NOT_EVALUATED
md5,printable,G-P-CG-L,cgge,KNOWNLENGTH,24,1,1,BLOCKED_SPECIFICATION,,,NOT_EVALUATED
md5,printable,G-P-CG-L,cgge,KNOWNLENGTH,24,10,1,BLOCKED_SPECIFICATION,,,NOT_EVALUATED
md5,printable,G-P-CG-L,cgge,KNOWNLENGTH,24,100,1,BLOCKED_SPECIFICATION,,,NOT_EVALUATED
md5,printable,G-P-CG-L,cgge,KNOWNLENGTH,24,1,2,BLOCKED_SPECIFICATION,,,NOT_EVALUATED
md5,printable,G-P-CG-L,cgge,KNOWNLENGTH,24,10,2,BLOCKED_SPECIFICATION,,,NOT_EVALUATED
md5,printable,G-P-CG-L,cgge,KNOWNLENGTH,24,100,2,BLOCKED_SPECIFICATION,,,NOT_EVALUATED
md5,random_bytes,G-R-BGV-L,bgv,KNOWNLENGTH,24,1,0,BLOCKED_SPECIFICATION,,,NOT_EVALUATED
md5,random_bytes,G-R-BGV-L,bgv,KNOWNLENGTH,24,10,0,BLOCKED_SPECIFICATION,,,NOT_EVALUATED
md5,random_bytes,G-R-BGV-L,bgv,KNOWNLENGTH,24,100,0,BLOCKED_SPECIFICATION,,,NOT_EVALUATED
md5,random_bytes,G-R-BGV-L,bgv,KNOWNLENGTH,24,1,1,BLOCKED_SPECIFICATION,,,NOT_EVALUATED
md5,random_bytes,G-R-BGV-L,bgv,KNOWNLENGTH,24,10,1,BLOCKED_SPECIFICATION,,,NOT_EVALUATED
md5,random_bytes,G-R-BGV-L,bgv,KNOWNLENGTH,24,100,1,BLOCKED_SPECIFICATION,,,NOT_EVALUATED
md5,random_bytes,G-R-BGV-L,bgv,KNOWNLENGTH,24,1,2,BLOCKED_SPECIFICATION,,,NOT_EVALUATED
md5,random_bytes,G-R-BGV-L,bgv,KNOWNLENGTH,24,10,2,BLOCKED_SPECIFICATION,,,NOT_EVALUATED
md5,random_bytes,G-R-BGV-L,bgv,KNOWNLENGTH,24,100,2,BLOCKED_SPECIFICATION,,,NOT_EVALUATED
md5,printable,D-P-L,tokens,KNOWNLENGTH,24,1,0,BLOCKED_SPECIFICATION,,,NOT_EVALUATED
md5,printable,D-P-L,tokens,KNOWNLENGTH,24,10,0,BLOCKED_SPECIFICATION,,,NOT_EVALUATED
md5,printable,D-P-L,tokens,KNOWNLENGTH,24,100,0,BLOCKED_SPECIFICATION,,,NOT_EVALUATED
md5,printable,D-P-L,tokens,KNOWNLENGTH,24,1,1,BLOCKED_SPECIFICATION,,,NOT_EVALUATED
md5,printable,D-P-L,tokens,KNOWNLENGTH,24,10,1,BLOCKED_SPECIFICATION,,,NOT_EVALUATED
md5,printable,D-P-L,tokens,KNOWNLENGTH,24,100,1,BLOCKED_SPECIFICATION,,,NOT_EVALUATED
md5,printable,D-P-L,tokens,KNOWNLENGTH,24,1,2,BLOCKED_SPECIFICATION,,,NOT_EVALUATED
md5,printable,D-P-L,tokens,KNOWNLENGTH,24,10,2,BLOCKED_SPECIFICATION,,,NOT_EVALUATED
md5,printable,D-P-L,tokens,KNOWNLENGTH,24,100,2,BLOCKED_SPECIFICATION,,,NOT_EVALUATED
md5,random_bytes,D-R-L,tokens,KNOWNLENGTH,24,1,0,BLOCKED_SPECIFICATION,,,NOT_EVALUATED
md5,random_bytes,D-R-L,tokens,KNOWNLENGTH,24,10,0,BLOCKED_SPECIFICATION,,,NOT_EVALUATED
md5,random_bytes,D-R-L,tokens,KNOWNLENGTH,24,100,0,BLOCKED_SPECIFICATION,,,NOT_EVALUATED
md5,random_bytes,D-R-L,tokens,KNOWNLENGTH,24,1,1,BLOCKED_SPECIFICATION,,,NOT_EVALUATED
md5,random_bytes,D-R-L,tokens,KNOWNLENGTH,24,10,1,BLOCKED_SPECIFICATION,,,NOT_EVALUATED
md5,random_bytes,D-R-L,tokens,KNOWNLENGTH,24,100,1,BLOCKED_SPECIFICATION,,,NOT_EVALUATED
md5,random_bytes,D-R-L,tokens,KNOWNLENGTH,24,1,2,BLOCKED_SPECIFICATION,,,NOT_EVALUATED
md5,random_bytes,D-R-L,tokens,KNOWNLENGTH,24,10,2,BLOCKED_SPECIFICATION,,,NOT_EVALUATED
md5,random_bytes,D-R-L,tokens,KNOWNLENGTH,24,100,2,BLOCKED_SPECIFICATION,,,NOT_EVALUATED
md5,printable,G-P-BGV,bgv,HASHONLY,32,1,0,BLOCKED_SPECIFICATION,,,NOT_EVALUATED
md5,printable,G-P-BGV,bgv,HASHONLY,32,10,0,BLOCKED_SPECIFICATION,,,NOT_EVALUATED
md5,printable,G-P-BGV,bgv,HASHONLY,32,100,0,BLOCKED_SPECIFICATION,,,NOT_EVALUATED
md5,printable,G-P-BGV,bgv,HASHONLY,32,1,1,BLOCKED_SPECIFICATION,,,NOT_EVALUATED
md5,printable,G-P-BGV,bgv,HASHONLY,32,10,1,BLOCKED_SPECIFICATION,,,NOT_EVALUATED
md5,printable,G-P-BGV,bgv,HASHONLY,32,100,1,BLOCKED_SPECIFICATION,,,NOT_EVALUATED
md5,printable,G-P-BGV,bgv,HASHONLY,32,1,2,BLOCKED_SPECIFICATION,,,NOT_EVALUATED
md5,printable,G-P-BGV,bgv,HASHONLY,32,10,2,BLOCKED_SPECIFICATION,,,NOT_EVALUATED
md5,printable,G-P-BGV,bgv,HASHONLY,32,100,2,BLOCKED_SPECIFICATION,,,NOT_EVALUATED
md5,printable,G-P-CG,cgge,HASHONLY,32,1,0,BLOCKED_SPECIFICATION,,,NOT_EVALUATED
md5,printable,G-P-CG,cgge,HASHONLY,32,10,0,BLOCKED_SPECIFICATION,,,NOT_EVALUATED
md5,printable,G-P-CG,cgge,HASHONLY,32,100,0,BLOCKED_SPECIFICATION,,,NOT_EVALUATED
md5,printable,G-P-CG,cgge,HASHONLY,32,1,1,BLOCKED_SPECIFICATION,,,NOT_EVALUATED
md5,printable,G-P-CG,cgge,HASHONLY,32,10,1,BLOCKED_SPECIFICATION,,,NOT_EVALUATED
md5,printable,G-P-CG,cgge,HASHONLY,32,100,1,BLOCKED_SPECIFICATION,,,NOT_EVALUATED
md5,printable,G-P-CG,cgge,HASHONLY,32,1,2,BLOCKED_SPECIFICATION,,,NOT_EVALUATED
md5,printable,G-P-CG,cgge,HASHONLY,32,10,2,BLOCKED_SPECIFICATION,,,NOT_EVALUATED
md5,printable,G-P-CG,cgge,HASHONLY,32,100,2,BLOCKED_SPECIFICATION,,,NOT_EVALUATED
md5,random_bytes,G-R-BGV,bgv,HASHONLY,32,1,0,BLOCKED_SPECIFICATION,,,NOT_EVALUATED
md5,random_bytes,G-R-BGV,bgv,HASHONLY,32,10,0,BLOCKED_SPECIFICATION,,,NOT_EVALUATED
md5,random_bytes,G-R-BGV,bgv,HASHONLY,32,100,0,BLOCKED_SPECIFICATION,,,NOT_EVALUATED
md5,random_bytes,G-R-BGV,bgv,HASHONLY,32,1,1,BLOCKED_SPECIFICATION,,,NOT_EVALUATED
md5,random_bytes,G-R-BGV,bgv,HASHONLY,32,10,1,BLOCKED_SPECIFICATION,,,NOT_EVALUATED
md5,random_bytes,G-R-BGV,bgv,HASHONLY,32,100,1,BLOCKED_SPECIFICATION,,,NOT_EVALUATED
md5,random_bytes,G-R-BGV,bgv,HASHONLY,32,1,2,BLOCKED_SPECIFICATION,,,NOT_EVALUATED
md5,random_bytes,G-R-BGV,bgv,HASHONLY,32,10,2,BLOCKED_SPECIFICATION,,,NOT_EVALUATED
md5,random_bytes,G-R-BGV,bgv,HASHONLY,32,100,2,BLOCKED_SPECIFICATION,,,NOT_EVALUATED
md5,printable,D-P,tokens,HASHONLY,32,1,0,BLOCKED_SPECIFICATION,,,NOT_EVALUATED
md5,printable,D-P,tokens,HASHONLY,32,10,0,BLOCKED_SPECIFICATION,,,NOT_EVALUATED
md5,printable,D-P,tokens,HASHONLY,32,100,0,BLOCKED_SPECIFICATION,,,NOT_EVALUATED
md5,printable,D-P,tokens,HASHONLY,32,1,1,BLOCKED_SPECIFICATION,,,NOT_EVALUATED
md5,printable,D-P,tokens,HASHONLY,32,10,1,BLOCKED_SPECIFICATION,,,NOT_EVALUATED
md5,printable,D-P,tokens,HASHONLY,32,100,1,BLOCKED_SPECIFICATION,,,NOT_EVALUATED
md5,printable,D-P,tokens,HASHONLY,32,1,2,BLOCKED_SPECIFICATION,,,NOT_EVALUATED
md5,printable,D-P,tokens,HASHONLY,32,10,2,BLOCKED_SPECIFICATION,,,NOT_EVALUATED
md5,printable,D-P,tokens,HASHONLY,32,100,2,BLOCKED_SPECIFICATION,,,NOT_EVALUATED
md5,random_bytes,D-R,tokens,HASHONLY,32,1,0,BLOCKED_SPECIFICATION,,,NOT_EVALUATED
md5,random_bytes,D-R,tokens,HASHONLY,32,10,0,BLOCKED_SPECIFICATION,,,NOT_EVALUATED
md5,random_bytes,D-R,tokens,HASHONLY,32,100,0,BLOCKED_SPECIFICATION,,,NOT_EVALUATED
md5,random_bytes,D-R,tokens,HASHONLY,32,1,1,BLOCKED_SPECIFICATION,,,NOT_EVALUATED
md5,random_bytes,D-R,tokens,HASHONLY,32,10,1,BLOCKED_SPECIFICATION,,,NOT_EVALUATED
md5,random_bytes,D-R,tokens,HASHONLY,32,100,1,BLOCKED_SPECIFICATION,,,NOT_EVALUATED
md5,random_bytes,D-R,tokens,HASHONLY,32,1,2,BLOCKED_SPECIFICATION,,,NOT_EVALUATED
md5,random_bytes,D-R,tokens,HASHONLY,32,10,2,BLOCKED_SPECIFICATION,,,NOT_EVALUATED
md5,random_bytes,D-R,tokens,HASHONLY,32,100,2,BLOCKED_SPECIFICATION,,,NOT_EVALUATED
md5,printable,G-P-BGV-L,bgv,KNOWNLENGTH,32,1,0,BLOCKED_SPECIFICATION,,,NOT_EVALUATED
md5,printable,G-P-BGV-L,bgv,KNOWNLENGTH,32,10,0,BLOCKED_SPECIFICATION,,,NOT_EVALUATED
md5,printable,G-P-BGV-L,bgv,KNOWNLENGTH,32,100,0,BLOCKED_SPECIFICATION,,,NOT_EVALUATED
md5,printable,G-P-BGV-L,bgv,KNOWNLENGTH,32,1,1,BLOCKED_SPECIFICATION,,,NOT_EVALUATED
md5,printable,G-P-BGV-L,bgv,KNOWNLENGTH,32,10,1,BLOCKED_SPECIFICATION,,,NOT_EVALUATED
md5,printable,G-P-BGV-L,bgv,KNOWNLENGTH,32,100,1,BLOCKED_SPECIFICATION,,,NOT_EVALUATED
md5,printable,G-P-BGV-L,bgv,KNOWNLENGTH,32,1,2,BLOCKED_SPECIFICATION,,,NOT_EVALUATED
md5,printable,G-P-BGV-L,bgv,KNOWNLENGTH,32,10,2,BLOCKED_SPECIFICATION,,,NOT_EVALUATED
md5,printable,G-P-BGV-L,bgv,KNOWNLENGTH,32,100,2,BLOCKED_SPECIFICATION,,,NOT_EVALUATED
md5,printable,G-P-CG-L,cgge,KNOWNLENGTH,32,1,0,BLOCKED_SPECIFICATION,,,NOT_EVALUATED
md5,printable,G-P-CG-L,cgge,KNOWNLENGTH,32,10,0,BLOCKED_SPECIFICATION,,,NOT_EVALUATED
md5,printable,G-P-CG-L,cgge,KNOWNLENGTH,32,100,0,BLOCKED_SPECIFICATION,,,NOT_EVALUATED
md5,printable,G-P-CG-L,cgge,KNOWNLENGTH,32,1,1,BLOCKED_SPECIFICATION,,,NOT_EVALUATED
md5,printable,G-P-CG-L,cgge,KNOWNLENGTH,32,10,1,BLOCKED_SPECIFICATION,,,NOT_EVALUATED
md5,printable,G-P-CG-L,cgge,KNOWNLENGTH,32,100,1,BLOCKED_SPECIFICATION,,,NOT_EVALUATED
md5,printable,G-P-CG-L,cgge,KNOWNLENGTH,32,1,2,BLOCKED_SPECIFICATION,,,NOT_EVALUATED
md5,printable,G-P-CG-L,cgge,KNOWNLENGTH,32,10,2,BLOCKED_SPECIFICATION,,,NOT_EVALUATED
md5,printable,G-P-CG-L,cgge,KNOWNLENGTH,32,100,2,BLOCKED_SPECIFICATION,,,NOT_EVALUATED
md5,random_bytes,G-R-BGV-L,bgv,KNOWNLENGTH,32,1,0,BLOCKED_SPECIFICATION,,,NOT_EVALUATED
md5,random_bytes,G-R-BGV-L,bgv,KNOWNLENGTH,32,10,0,BLOCKED_SPECIFICATION,,,NOT_EVALUATED
md5,random_bytes,G-R-BGV-L,bgv,KNOWNLENGTH,32,100,0,BLOCKED_SPECIFICATION,,,NOT_EVALUATED
md5,random_bytes,G-R-BGV-L,bgv,KNOWNLENGTH,32,1,1,BLOCKED_SPECIFICATION,,,NOT_EVALUATED
md5,random_bytes,G-R-BGV-L,bgv,KNOWNLENGTH,32,10,1,BLOCKED_SPECIFICATION,,,NOT_EVALUATED
md5,random_bytes,G-R-BGV-L,bgv,KNOWNLENGTH,32,100,1,BLOCKED_SPECIFICATION,,,NOT_EVALUATED
md5,random_bytes,G-R-BGV-L,bgv,KNOWNLENGTH,32,1,2,BLOCKED_SPECIFICATION,,,NOT_EVALUATED
md5,random_bytes,G-R-BGV-L,bgv,KNOWNLENGTH,32,10,2,BLOCKED_SPECIFICATION,,,NOT_EVALUATED
md5,random_bytes,G-R-BGV-L,bgv,KNOWNLENGTH,32,100,2,BLOCKED_SPECIFICATION,,,NOT_EVALUATED
md5,printable,D-P-L,tokens,KNOWNLENGTH,32,1,0,BLOCKED_SPECIFICATION,,,NOT_EVALUATED
md5,printable,D-P-L,tokens,KNOWNLENGTH,32,10,0,BLOCKED_SPECIFICATION,,,NOT_EVALUATED
md5,printable,D-P-L,tokens,KNOWNLENGTH,32,100,0,BLOCKED_SPECIFICATION,,,NOT_EVALUATED
md5,printable,D-P-L,tokens,KNOWNLENGTH,32,1,1,BLOCKED_SPECIFICATION,,,NOT_EVALUATED
md5,printable,D-P-L,tokens,KNOWNLENGTH,32,10,1,BLOCKED_SPECIFICATION,,,NOT_EVALUATED
md5,printable,D-P-L,tokens,KNOWNLENGTH,32,100,1,BLOCKED_SPECIFICATION,,,NOT_EVALUATED
md5,printable,D-P-L,tokens,KNOWNLENGTH,32,1,2,BLOCKED_SPECIFICATION,,,NOT_EVALUATED
md5,printable,D-P-L,tokens,KNOWNLENGTH,32,10,2,BLOCKED_SPECIFICATION,,,NOT_EVALUATED
md5,printable,D-P-L,tokens,KNOWNLENGTH,32,100,2,BLOCKED_SPECIFICATION,,,NOT_EVALUATED
md5,random_bytes,D-R-L,tokens,KNOWNLENGTH,32,1,0,BLOCKED_SPECIFICATION,,,NOT_EVALUATED
md5,random_bytes,D-R-L,tokens,KNOWNLENGTH,32,10,0,BLOCKED_SPECIFICATION,,,NOT_EVALUATED
md5,random_bytes,D-R-L,tokens,KNOWNLENGTH,32,100,0,BLOCKED_SPECIFICATION,,,NOT_EVALUATED
md5,random_bytes,D-R-L,tokens,KNOWNLENGTH,32,1,1,BLOCKED_SPECIFICATION,,,NOT_EVALUATED
md5,random_bytes,D-R-L,tokens,KNOWNLENGTH,32,10,1,BLOCKED_SPECIFICATION,,,NOT_EVALUATED
md5,random_bytes,D-R-L,tokens,KNOWNLENGTH,32,100,1,BLOCKED_SPECIFICATION,,,NOT_EVALUATED
md5,random_bytes,D-R-L,tokens,KNOWNLENGTH,32,1,2,BLOCKED_SPECIFICATION,,,NOT_EVALUATED
md5,random_bytes,D-R-L,tokens,KNOWNLENGTH,32,10,2,BLOCKED_SPECIFICATION,,,NOT_EVALUATED
md5,random_bytes,D-R-L,tokens,KNOWNLENGTH,32,100,2,BLOCKED_SPECIFICATION,,,NOT_EVALUATED
md5,printable,G-P-BGV,bgv,HASHONLY,64,1,0,BLOCKED_SPECIFICATION,,,NOT_EVALUATED
md5,printable,G-P-BGV,bgv,HASHONLY,64,10,0,BLOCKED_SPECIFICATION,,,NOT_EVALUATED
md5,printable,G-P-BGV,bgv,HASHONLY,64,100,0,BLOCKED_SPECIFICATION,,,NOT_EVALUATED
md5,printable,G-P-BGV,bgv,HASHONLY,64,1,1,BLOCKED_SPECIFICATION,,,NOT_EVALUATED
md5,printable,G-P-BGV,bgv,HASHONLY,64,10,1,BLOCKED_SPECIFICATION,,,NOT_EVALUATED
md5,printable,G-P-BGV,bgv,HASHONLY,64,100,1,BLOCKED_SPECIFICATION,,,NOT_EVALUATED
md5,printable,G-P-BGV,bgv,HASHONLY,64,1,2,BLOCKED_SPECIFICATION,,,NOT_EVALUATED
md5,printable,G-P-BGV,bgv,HASHONLY,64,10,2,BLOCKED_SPECIFICATION,,,NOT_EVALUATED
md5,printable,G-P-BGV,bgv,HASHONLY,64,100,2,BLOCKED_SPECIFICATION,,,NOT_EVALUATED
md5,printable,G-P-CG,cgge,HASHONLY,64,1,0,BLOCKED_SPECIFICATION,,,NOT_EVALUATED
md5,printable,G-P-CG,cgge,HASHONLY,64,10,0,BLOCKED_SPECIFICATION,,,NOT_EVALUATED
md5,printable,G-P-CG,cgge,HASHONLY,64,100,0,BLOCKED_SPECIFICATION,,,NOT_EVALUATED
md5,printable,G-P-CG,cgge,HASHONLY,64,1,1,BLOCKED_SPECIFICATION,,,NOT_EVALUATED
md5,printable,G-P-CG,cgge,HASHONLY,64,10,1,BLOCKED_SPECIFICATION,,,NOT_EVALUATED
md5,printable,G-P-CG,cgge,HASHONLY,64,100,1,BLOCKED_SPECIFICATION,,,NOT_EVALUATED
md5,printable,G-P-CG,cgge,HASHONLY,64,1,2,BLOCKED_SPECIFICATION,,,NOT_EVALUATED
md5,printable,G-P-CG,cgge,HASHONLY,64,10,2,BLOCKED_SPECIFICATION,,,NOT_EVALUATED
md5,printable,G-P-CG,cgge,HASHONLY,64,100,2,BLOCKED_SPECIFICATION,,,NOT_EVALUATED
md5,random_bytes,G-R-BGV,bgv,HASHONLY,64,1,0,BLOCKED_SPECIFICATION,,,NOT_EVALUATED
md5,random_bytes,G-R-BGV,bgv,HASHONLY,64,10,0,BLOCKED_SPECIFICATION,,,NOT_EVALUATED
md5,random_bytes,G-R-BGV,bgv,HASHONLY,64,100,0,BLOCKED_SPECIFICATION,,,NOT_EVALUATED
md5,random_bytes,G-R-BGV,bgv,HASHONLY,64,1,1,BLOCKED_SPECIFICATION,,,NOT_EVALUATED
md5,random_bytes,G-R-BGV,bgv,HASHONLY,64,10,1,BLOCKED_SPECIFICATION,,,NOT_EVALUATED
md5,random_bytes,G-R-BGV,bgv,HASHONLY,64,100,1,BLOCKED_SPECIFICATION,,,NOT_EVALUATED
md5,random_bytes,G-R-BGV,bgv,HASHONLY,64,1,2,BLOCKED_SPECIFICATION,,,NOT_EVALUATED
md5,random_bytes,G-R-BGV,bgv,HASHONLY,64,10,2,BLOCKED_SPECIFICATION,,,NOT_EVALUATED
md5,random_bytes,G-R-BGV,bgv,HASHONLY,64,100,2,BLOCKED_SPECIFICATION,,,NOT_EVALUATED
md5,printable,D-P,tokens,HASHONLY,64,1,0,BLOCKED_SPECIFICATION,,,NOT_EVALUATED
md5,printable,D-P,tokens,HASHONLY,64,10,0,BLOCKED_SPECIFICATION,,,NOT_EVALUATED
md5,printable,D-P,tokens,HASHONLY,64,100,0,BLOCKED_SPECIFICATION,,,NOT_EVALUATED
md5,printable,D-P,tokens,HASHONLY,64,1,1,BLOCKED_SPECIFICATION,,,NOT_EVALUATED
md5,printable,D-P,tokens,HASHONLY,64,10,1,BLOCKED_SPECIFICATION,,,NOT_EVALUATED
md5,printable,D-P,tokens,HASHONLY,64,100,1,BLOCKED_SPECIFICATION,,,NOT_EVALUATED
md5,printable,D-P,tokens,HASHONLY,64,1,2,BLOCKED_SPECIFICATION,,,NOT_EVALUATED
md5,printable,D-P,tokens,HASHONLY,64,10,2,BLOCKED_SPECIFICATION,,,NOT_EVALUATED
md5,printable,D-P,tokens,HASHONLY,64,100,2,BLOCKED_SPECIFICATION,,,NOT_EVALUATED
md5,random_bytes,D-R,tokens,HASHONLY,64,1,0,BLOCKED_SPECIFICATION,,,NOT_EVALUATED
md5,random_bytes,D-R,tokens,HASHONLY,64,10,0,BLOCKED_SPECIFICATION,,,NOT_EVALUATED
md5,random_bytes,D-R,tokens,HASHONLY,64,100,0,BLOCKED_SPECIFICATION,,,NOT_EVALUATED
md5,random_bytes,D-R,tokens,HASHONLY,64,1,1,BLOCKED_SPECIFICATION,,,NOT_EVALUATED
md5,random_bytes,D-R,tokens,HASHONLY,64,10,1,BLOCKED_SPECIFICATION,,,NOT_EVALUATED
md5,random_bytes,D-R,tokens,HASHONLY,64,100,1,BLOCKED_SPECIFICATION,,,NOT_EVALUATED
md5,random_bytes,D-R,tokens,HASHONLY,64,1,2,BLOCKED_SPECIFICATION,,,NOT_EVALUATED
md5,random_bytes,D-R,tokens,HASHONLY,64,10,2,BLOCKED_SPECIFICATION,,,NOT_EVALUATED
md5,random_bytes,D-R,tokens,HASHONLY,64,100,2,BLOCKED_SPECIFICATION,,,NOT_EVALUATED
md5,printable,G-P-BGV-L,bgv,KNOWNLENGTH,64,1,0,BLOCKED_SPECIFICATION,,,NOT_EVALUATED
md5,printable,G-P-BGV-L,bgv,KNOWNLENGTH,64,10,0,BLOCKED_SPECIFICATION,,,NOT_EVALUATED
md5,printable,G-P-BGV-L,bgv,KNOWNLENGTH,64,100,0,BLOCKED_SPECIFICATION,,,NOT_EVALUATED
md5,printable,G-P-BGV-L,bgv,KNOWNLENGTH,64,1,1,BLOCKED_SPECIFICATION,,,NOT_EVALUATED
md5,printable,G-P-BGV-L,bgv,KNOWNLENGTH,64,10,1,BLOCKED_SPECIFICATION,,,NOT_EVALUATED
md5,printable,G-P-BGV-L,bgv,KNOWNLENGTH,64,100,1,BLOCKED_SPECIFICATION,,,NOT_EVALUATED
md5,printable,G-P-BGV-L,bgv,KNOWNLENGTH,64,1,2,BLOCKED_SPECIFICATION,,,NOT_EVALUATED
md5,printable,G-P-BGV-L,bgv,KNOWNLENGTH,64,10,2,BLOCKED_SPECIFICATION,,,NOT_EVALUATED
md5,printable,G-P-BGV-L,bgv,KNOWNLENGTH,64,100,2,BLOCKED_SPECIFICATION,,,NOT_EVALUATED
md5,printable,G-P-CG-L,cgge,KNOWNLENGTH,64,1,0,BLOCKED_SPECIFICATION,,,NOT_EVALUATED
md5,printable,G-P-CG-L,cgge,KNOWNLENGTH,64,10,0,BLOCKED_SPECIFICATION,,,NOT_EVALUATED
md5,printable,G-P-CG-L,cgge,KNOWNLENGTH,64,100,0,BLOCKED_SPECIFICATION,,,NOT_EVALUATED
md5,printable,G-P-CG-L,cgge,KNOWNLENGTH,64,1,1,BLOCKED_SPECIFICATION,,,NOT_EVALUATED
md5,printable,G-P-CG-L,cgge,KNOWNLENGTH,64,10,1,BLOCKED_SPECIFICATION,,,NOT_EVALUATED
md5,printable,G-P-CG-L,cgge,KNOWNLENGTH,64,100,1,BLOCKED_SPECIFICATION,,,NOT_EVALUATED
md5,printable,G-P-CG-L,cgge,KNOWNLENGTH,64,1,2,BLOCKED_SPECIFICATION,,,NOT_EVALUATED
md5,printable,G-P-CG-L,cgge,KNOWNLENGTH,64,10,2,BLOCKED_SPECIFICATION,,,NOT_EVALUATED
md5,printable,G-P-CG-L,cgge,KNOWNLENGTH,64,100,2,BLOCKED_SPECIFICATION,,,NOT_EVALUATED
md5,random_bytes,G-R-BGV-L,bgv,KNOWNLENGTH,64,1,0,BLOCKED_SPECIFICATION,,,NOT_EVALUATED
md5,random_bytes,G-R-BGV-L,bgv,KNOWNLENGTH,64,10,0,BLOCKED_SPECIFICATION,,,NOT_EVALUATED
md5,random_bytes,G-R-BGV-L,bgv,KNOWNLENGTH,64,100,0,BLOCKED_SPECIFICATION,,,NOT_EVALUATED
md5,random_bytes,G-R-BGV-L,bgv,KNOWNLENGTH,64,1,1,BLOCKED_SPECIFICATION,,,NOT_EVALUATED
md5,random_bytes,G-R-BGV-L,bgv,KNOWNLENGTH,64,10,1,BLOCKED_SPECIFICATION,,,NOT_EVALUATED
md5,random_bytes,G-R-BGV-L,bgv,KNOWNLENGTH,64,100,1,BLOCKED_SPECIFICATION,,,NOT_EVALUATED
md5,random_bytes,G-R-BGV-L,bgv,KNOWNLENGTH,64,1,2,BLOCKED_SPECIFICATION,,,NOT_EVALUATED
md5,random_bytes,G-R-BGV-L,bgv,KNOWNLENGTH,64,10,2,BLOCKED_SPECIFICATION,,,NOT_EVALUATED
md5,random_bytes,G-R-BGV-L,bgv,KNOWNLENGTH,64,100,2,BLOCKED_SPECIFICATION,,,NOT_EVALUATED
md5,printable,D-P-L,tokens,KNOWNLENGTH,64,1,0,BLOCKED_SPECIFICATION,,,NOT_EVALUATED
md5,printable,D-P-L,tokens,KNOWNLENGTH,64,10,0,BLOCKED_SPECIFICATION,,,NOT_EVALUATED
md5,printable,D-P-L,tokens,KNOWNLENGTH,64,100,0,BLOCKED_SPECIFICATION,,,NOT_EVALUATED
md5,printable,D-P-L,tokens,KNOWNLENGTH,64,1,1,BLOCKED_SPECIFICATION,,,NOT_EVALUATED
md5,printable,D-P-L,tokens,KNOWNLENGTH,64,10,1,BLOCKED_SPECIFICATION,,,NOT_EVALUATED
md5,printable,D-P-L,tokens,KNOWNLENGTH,64,100,1,BLOCKED_SPECIFICATION,,,NOT_EVALUATED
md5,printable,D-P-L,tokens,KNOWNLENGTH,64,1,2,BLOCKED_SPECIFICATION,,,NOT_EVALUATED
md5,printable,D-P-L,tokens,KNOWNLENGTH,64,10,2,BLOCKED_SPECIFICATION,,,NOT_EVALUATED
md5,printable,D-P-L,tokens,KNOWNLENGTH,64,100,2,BLOCKED_SPECIFICATION,,,NOT_EVALUATED
md5,random_bytes,D-R-L,tokens,KNOWNLENGTH,64,1,0,BLOCKED_SPECIFICATION,,,NOT_EVALUATED
md5,random_bytes,D-R-L,tokens,KNOWNLENGTH,64,10,0,BLOCKED_SPECIFICATION,,,NOT_EVALUATED
md5,random_bytes,D-R-L,tokens,KNOWNLENGTH,64,100,0,BLOCKED_SPECIFICATION,,,NOT_EVALUATED
md5,random_bytes,D-R-L,tokens,KNOWNLENGTH,64,1,1,BLOCKED_SPECIFICATION,,,NOT_EVALUATED
md5,random_bytes,D-R-L,tokens,KNOWNLENGTH,64,10,1,BLOCKED_SPECIFICATION,,,NOT_EVALUATED
md5,random_bytes,D-R-L,tokens,KNOWNLENGTH,64,100,1,BLOCKED_SPECIFICATION,,,NOT_EVALUATED
md5,random_bytes,D-R-L,tokens,KNOWNLENGTH,64,1,2,BLOCKED_SPECIFICATION,,,NOT_EVALUATED
md5,random_bytes,D-R-L,tokens,KNOWNLENGTH,64,10,2,BLOCKED_SPECIFICATION,,,NOT_EVALUATED
md5,random_bytes,D-R-L,tokens,KNOWNLENGTH,64,100,2,BLOCKED_SPECIFICATION,,,NOT_EVALUATED
md5,printable,G-P-BGV,bgv,HASHONLY,128,1,0,BLOCKED_SPECIFICATION,,,NOT_EVALUATED
md5,printable,G-P-BGV,bgv,HASHONLY,128,10,0,BLOCKED_SPECIFICATION,,,NOT_EVALUATED
md5,printable,G-P-BGV,bgv,HASHONLY,128,100,0,BLOCKED_SPECIFICATION,,,NOT_EVALUATED
md5,printable,G-P-BGV,bgv,HASHONLY,128,1,1,BLOCKED_SPECIFICATION,,,NOT_EVALUATED
md5,printable,G-P-BGV,bgv,HASHONLY,128,10,1,BLOCKED_SPECIFICATION,,,NOT_EVALUATED
md5,printable,G-P-BGV,bgv,HASHONLY,128,100,1,BLOCKED_SPECIFICATION,,,NOT_EVALUATED
md5,printable,G-P-BGV,bgv,HASHONLY,128,1,2,BLOCKED_SPECIFICATION,,,NOT_EVALUATED
md5,printable,G-P-BGV,bgv,HASHONLY,128,10,2,BLOCKED_SPECIFICATION,,,NOT_EVALUATED
md5,printable,G-P-BGV,bgv,HASHONLY,128,100,2,BLOCKED_SPECIFICATION,,,NOT_EVALUATED
md5,printable,G-P-CG,cgge,HASHONLY,128,1,0,BLOCKED_SPECIFICATION,,,NOT_EVALUATED
md5,printable,G-P-CG,cgge,HASHONLY,128,10,0,BLOCKED_SPECIFICATION,,,NOT_EVALUATED
md5,printable,G-P-CG,cgge,HASHONLY,128,100,0,BLOCKED_SPECIFICATION,,,NOT_EVALUATED
md5,printable,G-P-CG,cgge,HASHONLY,128,1,1,BLOCKED_SPECIFICATION,,,NOT_EVALUATED
md5,printable,G-P-CG,cgge,HASHONLY,128,10,1,BLOCKED_SPECIFICATION,,,NOT_EVALUATED
md5,printable,G-P-CG,cgge,HASHONLY,128,100,1,BLOCKED_SPECIFICATION,,,NOT_EVALUATED
md5,printable,G-P-CG,cgge,HASHONLY,128,1,2,BLOCKED_SPECIFICATION,,,NOT_EVALUATED
md5,printable,G-P-CG,cgge,HASHONLY,128,10,2,BLOCKED_SPECIFICATION,,,NOT_EVALUATED
md5,printable,G-P-CG,cgge,HASHONLY,128,100,2,BLOCKED_SPECIFICATION,,,NOT_EVALUATED
md5,random_bytes,G-R-BGV,bgv,HASHONLY,128,1,0,BLOCKED_SPECIFICATION,,,NOT_EVALUATED
md5,random_bytes,G-R-BGV,bgv,HASHONLY,128,10,0,BLOCKED_SPECIFICATION,,,NOT_EVALUATED
md5,random_bytes,G-R-BGV,bgv,HASHONLY,128,100,0,BLOCKED_SPECIFICATION,,,NOT_EVALUATED
md5,random_bytes,G-R-BGV,bgv,HASHONLY,128,1,1,BLOCKED_SPECIFICATION,,,NOT_EVALUATED
md5,random_bytes,G-R-BGV,bgv,HASHONLY,128,10,1,BLOCKED_SPECIFICATION,,,NOT_EVALUATED
md5,random_bytes,G-R-BGV,bgv,HASHONLY,128,100,1,BLOCKED_SPECIFICATION,,,NOT_EVALUATED
md5,random_bytes,G-R-BGV,bgv,HASHONLY,128,1,2,BLOCKED_SPECIFICATION,,,NOT_EVALUATED
md5,random_bytes,G-R-BGV,bgv,HASHONLY,128,10,2,BLOCKED_SPECIFICATION,,,NOT_EVALUATED
md5,random_bytes,G-R-BGV,bgv,HASHONLY,128,100,2,BLOCKED_SPECIFICATION,,,NOT_EVALUATED
md5,printable,D-P,tokens,HASHONLY,128,1,0,BLOCKED_SPECIFICATION,,,NOT_EVALUATED
md5,printable,D-P,tokens,HASHONLY,128,10,0,BLOCKED_SPECIFICATION,,,NOT_EVALUATED
md5,printable,D-P,tokens,HASHONLY,128,100,0,BLOCKED_SPECIFICATION,,,NOT_EVALUATED
md5,printable,D-P,tokens,HASHONLY,128,1,1,BLOCKED_SPECIFICATION,,,NOT_EVALUATED
md5,printable,D-P,tokens,HASHONLY,128,10,1,BLOCKED_SPECIFICATION,,,NOT_EVALUATED
md5,printable,D-P,tokens,HASHONLY,128,100,1,BLOCKED_SPECIFICATION,,,NOT_EVALUATED
md5,printable,D-P,tokens,HASHONLY,128,1,2,BLOCKED_SPECIFICATION,,,NOT_EVALUATED
md5,printable,D-P,tokens,HASHONLY,128,10,2,BLOCKED_SPECIFICATION,,,NOT_EVALUATED
md5,printable,D-P,tokens,HASHONLY,128,100,2,BLOCKED_SPECIFICATION,,,NOT_EVALUATED
md5,random_bytes,D-R,tokens,HASHONLY,128,1,0,BLOCKED_SPECIFICATION,,,NOT_EVALUATED
md5,random_bytes,D-R,tokens,HASHONLY,128,10,0,BLOCKED_SPECIFICATION,,,NOT_EVALUATED
md5,random_bytes,D-R,tokens,HASHONLY,128,100,0,BLOCKED_SPECIFICATION,,,NOT_EVALUATED
md5,random_bytes,D-R,tokens,HASHONLY,128,1,1,BLOCKED_SPECIFICATION,,,NOT_EVALUATED
md5,random_bytes,D-R,tokens,HASHONLY,128,10,1,BLOCKED_SPECIFICATION,,,NOT_EVALUATED
md5,random_bytes,D-R,tokens,HASHONLY,128,100,1,BLOCKED_SPECIFICATION,,,NOT_EVALUATED
md5,random_bytes,D-R,tokens,HASHONLY,128,1,2,BLOCKED_SPECIFICATION,,,NOT_EVALUATED
md5,random_bytes,D-R,tokens,HASHONLY,128,10,2,BLOCKED_SPECIFICATION,,,NOT_EVALUATED
md5,random_bytes,D-R,tokens,HASHONLY,128,100,2,BLOCKED_SPECIFICATION,,,NOT_EVALUATED
md5,printable,G-P-BGV-L,bgv,KNOWNLENGTH,128,1,0,BLOCKED_SPECIFICATION,,,NOT_EVALUATED
md5,printable,G-P-BGV-L,bgv,KNOWNLENGTH,128,10,0,BLOCKED_SPECIFICATION,,,NOT_EVALUATED
md5,printable,G-P-BGV-L,bgv,KNOWNLENGTH,128,100,0,BLOCKED_SPECIFICATION,,,NOT_EVALUATED
md5,printable,G-P-BGV-L,bgv,KNOWNLENGTH,128,1,1,BLOCKED_SPECIFICATION,,,NOT_EVALUATED
md5,printable,G-P-BGV-L,bgv,KNOWNLENGTH,128,10,1,BLOCKED_SPECIFICATION,,,NOT_EVALUATED
md5,printable,G-P-BGV-L,bgv,KNOWNLENGTH,128,100,1,BLOCKED_SPECIFICATION,,,NOT_EVALUATED
md5,printable,G-P-BGV-L,bgv,KNOWNLENGTH,128,1,2,BLOCKED_SPECIFICATION,,,NOT_EVALUATED
md5,printable,G-P-BGV-L,bgv,KNOWNLENGTH,128,10,2,BLOCKED_SPECIFICATION,,,NOT_EVALUATED
md5,printable,G-P-BGV-L,bgv,KNOWNLENGTH,128,100,2,BLOCKED_SPECIFICATION,,,NOT_EVALUATED
md5,printable,G-P-CG-L,cgge,KNOWNLENGTH,128,1,0,BLOCKED_SPECIFICATION,,,NOT_EVALUATED
md5,printable,G-P-CG-L,cgge,KNOWNLENGTH,128,10,0,BLOCKED_SPECIFICATION,,,NOT_EVALUATED
md5,printable,G-P-CG-L,cgge,KNOWNLENGTH,128,100,0,BLOCKED_SPECIFICATION,,,NOT_EVALUATED
md5,printable,G-P-CG-L,cgge,KNOWNLENGTH,128,1,1,BLOCKED_SPECIFICATION,,,NOT_EVALUATED
md5,printable,G-P-CG-L,cgge,KNOWNLENGTH,128,10,1,BLOCKED_SPECIFICATION,,,NOT_EVALUATED
md5,printable,G-P-CG-L,cgge,KNOWNLENGTH,128,100,1,BLOCKED_SPECIFICATION,,,NOT_EVALUATED
md5,printable,G-P-CG-L,cgge,KNOWNLENGTH,128,1,2,BLOCKED_SPECIFICATION,,,NOT_EVALUATED
md5,printable,G-P-CG-L,cgge,KNOWNLENGTH,128,10,2,BLOCKED_SPECIFICATION,,,NOT_EVALUATED
md5,printable,G-P-CG-L,cgge,KNOWNLENGTH,128,100,2,BLOCKED_SPECIFICATION,,,NOT_EVALUATED
md5,random_bytes,G-R-BGV-L,bgv,KNOWNLENGTH,128,1,0,BLOCKED_SPECIFICATION,,,NOT_EVALUATED
md5,random_bytes,G-R-BGV-L,bgv,KNOWNLENGTH,128,10,0,BLOCKED_SPECIFICATION,,,NOT_EVALUATED
md5,random_bytes,G-R-BGV-L,bgv,KNOWNLENGTH,128,100,0,BLOCKED_SPECIFICATION,,,NOT_EVALUATED
md5,random_bytes,G-R-BGV-L,bgv,KNOWNLENGTH,128,1,1,BLOCKED_SPECIFICATION,,,NOT_EVALUATED
md5,random_bytes,G-R-BGV-L,bgv,KNOWNLENGTH,128,10,1,BLOCKED_SPECIFICATION,,,NOT_EVALUATED
md5,random_bytes,G-R-BGV-L,bgv,KNOWNLENGTH,128,100,1,BLOCKED_SPECIFICATION,,,NOT_EVALUATED
md5,random_bytes,G-R-BGV-L,bgv,KNOWNLENGTH,128,1,2,BLOCKED_SPECIFICATION,,,NOT_EVALUATED
md5,random_bytes,G-R-BGV-L,bgv,KNOWNLENGTH,128,10,2,BLOCKED_SPECIFICATION,,,NOT_EVALUATED
md5,random_bytes,G-R-BGV-L,bgv,KNOWNLENGTH,128,100,2,BLOCKED_SPECIFICATION,,,NOT_EVALUATED
md5,printable,D-P-L,tokens,KNOWNLENGTH,128,1,0,BLOCKED_SPECIFICATION,,,NOT_EVALUATED
md5,printable,D-P-L,tokens,KNOWNLENGTH,128,10,0,BLOCKED_SPECIFICATION,,,NOT_EVALUATED
md5,printable,D-P-L,tokens,KNOWNLENGTH,128,100,0,BLOCKED_SPECIFICATION,,,NOT_EVALUATED
md5,printable,D-P-L,tokens,KNOWNLENGTH,128,1,1,BLOCKED_SPECIFICATION,,,NOT_EVALUATED
md5,printable,D-P-L,tokens,KNOWNLENGTH,128,10,1,BLOCKED_SPECIFICATION,,,NOT_EVALUATED
md5,printable,D-P-L,tokens,KNOWNLENGTH,128,100,1,BLOCKED_SPECIFICATION,,,NOT_EVALUATED
md5,printable,D-P-L,tokens,KNOWNLENGTH,128,1,2,BLOCKED_SPECIFICATION,,,NOT_EVALUATED
md5,printable,D-P-L,tokens,KNOWNLENGTH,128,10,2,BLOCKED_SPECIFICATION,,,NOT_EVALUATED
md5,printable,D-P-L,tokens,KNOWNLENGTH,128,100,2,BLOCKED_SPECIFICATION,,,NOT_EVALUATED
md5,random_bytes,D-R-L,tokens,KNOWNLENGTH,128,1,0,BLOCKED_SPECIFICATION,,,NOT_EVALUATED
md5,random_bytes,D-R-L,tokens,KNOWNLENGTH,128,10,0,BLOCKED_SPECIFICATION,,,NOT_EVALUATED
md5,random_bytes,D-R-L,tokens,KNOWNLENGTH,128,100,0,BLOCKED_SPECIFICATION,,,NOT_EVALUATED
md5,random_bytes,D-R-L,tokens,KNOWNLENGTH,128,1,1,BLOCKED_SPECIFICATION,,,NOT_EVALUATED
md5,random_bytes,D-R-L,tokens,KNOWNLENGTH,128,10,1,BLOCKED_SPECIFICATION,,,NOT_EVALUATED
md5,random_bytes,D-R-L,tokens,KNOWNLENGTH,128,100,1,BLOCKED_SPECIFICATION,,,NOT_EVALUATED
md5,random_bytes,D-R-L,tokens,KNOWNLENGTH,128,1,2,BLOCKED_SPECIFICATION,,,NOT_EVALUATED
md5,random_bytes,D-R-L,tokens,KNOWNLENGTH,128,10,2,BLOCKED_SPECIFICATION,,,NOT_EVALUATED
md5,random_bytes,D-R-L,tokens,KNOWNLENGTH,128,100,2,BLOCKED_SPECIFICATION,,,NOT_EVALUATED
sha256,printable,G-P-BGV,bgv,HASHONLY,8,1,0,BLOCKED_SPECIFICATION,,,NOT_EVALUATED
sha256,printable,G-P-BGV,bgv,HASHONLY,8,10,0,BLOCKED_SPECIFICATION,,,NOT_EVALUATED
sha256,printable,G-P-BGV,bgv,HASHONLY,8,100,0,BLOCKED_SPECIFICATION,,,NOT_EVALUATED
sha256,printable,G-P-BGV,bgv,HASHONLY,8,1,1,BLOCKED_SPECIFICATION,,,NOT_EVALUATED
sha256,printable,G-P-BGV,bgv,HASHONLY,8,10,1,BLOCKED_SPECIFICATION,,,NOT_EVALUATED
sha256,printable,G-P-BGV,bgv,HASHONLY,8,100,1,BLOCKED_SPECIFICATION,,,NOT_EVALUATED
sha256,printable,G-P-BGV,bgv,HASHONLY,8,1,2,BLOCKED_SPECIFICATION,,,NOT_EVALUATED
sha256,printable,G-P-BGV,bgv,HASHONLY,8,10,2,BLOCKED_SPECIFICATION,,,NOT_EVALUATED
sha256,printable,G-P-BGV,bgv,HASHONLY,8,100,2,BLOCKED_SPECIFICATION,,,NOT_EVALUATED
sha256,printable,G-P-CG,cgge,HASHONLY,8,1,0,BLOCKED_SPECIFICATION,,,NOT_EVALUATED
sha256,printable,G-P-CG,cgge,HASHONLY,8,10,0,BLOCKED_SPECIFICATION,,,NOT_EVALUATED
sha256,printable,G-P-CG,cgge,HASHONLY,8,100,0,BLOCKED_SPECIFICATION,,,NOT_EVALUATED
sha256,printable,G-P-CG,cgge,HASHONLY,8,1,1,BLOCKED_SPECIFICATION,,,NOT_EVALUATED
sha256,printable,G-P-CG,cgge,HASHONLY,8,10,1,BLOCKED_SPECIFICATION,,,NOT_EVALUATED
sha256,printable,G-P-CG,cgge,HASHONLY,8,100,1,BLOCKED_SPECIFICATION,,,NOT_EVALUATED
sha256,printable,G-P-CG,cgge,HASHONLY,8,1,2,BLOCKED_SPECIFICATION,,,NOT_EVALUATED
sha256,printable,G-P-CG,cgge,HASHONLY,8,10,2,BLOCKED_SPECIFICATION,,,NOT_EVALUATED
sha256,printable,G-P-CG,cgge,HASHONLY,8,100,2,BLOCKED_SPECIFICATION,,,NOT_EVALUATED
sha256,random_bytes,G-R-BGV,bgv,HASHONLY,8,1,0,BLOCKED_SPECIFICATION,,,NOT_EVALUATED
sha256,random_bytes,G-R-BGV,bgv,HASHONLY,8,10,0,BLOCKED_SPECIFICATION,,,NOT_EVALUATED
sha256,random_bytes,G-R-BGV,bgv,HASHONLY,8,100,0,BLOCKED_SPECIFICATION,,,NOT_EVALUATED
sha256,random_bytes,G-R-BGV,bgv,HASHONLY,8,1,1,BLOCKED_SPECIFICATION,,,NOT_EVALUATED
sha256,random_bytes,G-R-BGV,bgv,HASHONLY,8,10,1,BLOCKED_SPECIFICATION,,,NOT_EVALUATED
sha256,random_bytes,G-R-BGV,bgv,HASHONLY,8,100,1,BLOCKED_SPECIFICATION,,,NOT_EVALUATED
sha256,random_bytes,G-R-BGV,bgv,HASHONLY,8,1,2,BLOCKED_SPECIFICATION,,,NOT_EVALUATED
sha256,random_bytes,G-R-BGV,bgv,HASHONLY,8,10,2,BLOCKED_SPECIFICATION,,,NOT_EVALUATED
sha256,random_bytes,G-R-BGV,bgv,HASHONLY,8,100,2,BLOCKED_SPECIFICATION,,,NOT_EVALUATED
sha256,printable,D-P,tokens,HASHONLY,8,1,0,BLOCKED_SPECIFICATION,,,NOT_EVALUATED
sha256,printable,D-P,tokens,HASHONLY,8,10,0,BLOCKED_SPECIFICATION,,,NOT_EVALUATED
sha256,printable,D-P,tokens,HASHONLY,8,100,0,BLOCKED_SPECIFICATION,,,NOT_EVALUATED
sha256,printable,D-P,tokens,HASHONLY,8,1,1,BLOCKED_SPECIFICATION,,,NOT_EVALUATED
sha256,printable,D-P,tokens,HASHONLY,8,10,1,BLOCKED_SPECIFICATION,,,NOT_EVALUATED
sha256,printable,D-P,tokens,HASHONLY,8,100,1,BLOCKED_SPECIFICATION,,,NOT_EVALUATED
sha256,printable,D-P,tokens,HASHONLY,8,1,2,BLOCKED_SPECIFICATION,,,NOT_EVALUATED
sha256,printable,D-P,tokens,HASHONLY,8,10,2,BLOCKED_SPECIFICATION,,,NOT_EVALUATED
sha256,printable,D-P,tokens,HASHONLY,8,100,2,BLOCKED_SPECIFICATION,,,NOT_EVALUATED
sha256,random_bytes,D-R,tokens,HASHONLY,8,1,0,BLOCKED_SPECIFICATION,,,NOT_EVALUATED
sha256,random_bytes,D-R,tokens,HASHONLY,8,10,0,BLOCKED_SPECIFICATION,,,NOT_EVALUATED
sha256,random_bytes,D-R,tokens,HASHONLY,8,100,0,BLOCKED_SPECIFICATION,,,NOT_EVALUATED
sha256,random_bytes,D-R,tokens,HASHONLY,8,1,1,BLOCKED_SPECIFICATION,,,NOT_EVALUATED
sha256,random_bytes,D-R,tokens,HASHONLY,8,10,1,BLOCKED_SPECIFICATION,,,NOT_EVALUATED
sha256,random_bytes,D-R,tokens,HASHONLY,8,100,1,BLOCKED_SPECIFICATION,,,NOT_EVALUATED
sha256,random_bytes,D-R,tokens,HASHONLY,8,1,2,BLOCKED_SPECIFICATION,,,NOT_EVALUATED
sha256,random_bytes,D-R,tokens,HASHONLY,8,10,2,BLOCKED_SPECIFICATION,,,NOT_EVALUATED
sha256,random_bytes,D-R,tokens,HASHONLY,8,100,2,BLOCKED_SPECIFICATION,,,NOT_EVALUATED
sha256,printable,G-P-BGV-L,bgv,KNOWNLENGTH,8,1,0,BLOCKED_SPECIFICATION,,,NOT_EVALUATED
sha256,printable,G-P-BGV-L,bgv,KNOWNLENGTH,8,10,0,BLOCKED_SPECIFICATION,,,NOT_EVALUATED
sha256,printable,G-P-BGV-L,bgv,KNOWNLENGTH,8,100,0,BLOCKED_SPECIFICATION,,,NOT_EVALUATED
sha256,printable,G-P-BGV-L,bgv,KNOWNLENGTH,8,1,1,BLOCKED_SPECIFICATION,,,NOT_EVALUATED
sha256,printable,G-P-BGV-L,bgv,KNOWNLENGTH,8,10,1,BLOCKED_SPECIFICATION,,,NOT_EVALUATED
sha256,printable,G-P-BGV-L,bgv,KNOWNLENGTH,8,100,1,BLOCKED_SPECIFICATION,,,NOT_EVALUATED
sha256,printable,G-P-BGV-L,bgv,KNOWNLENGTH,8,1,2,BLOCKED_SPECIFICATION,,,NOT_EVALUATED
sha256,printable,G-P-BGV-L,bgv,KNOWNLENGTH,8,10,2,BLOCKED_SPECIFICATION,,,NOT_EVALUATED
sha256,printable,G-P-BGV-L,bgv,KNOWNLENGTH,8,100,2,BLOCKED_SPECIFICATION,,,NOT_EVALUATED
sha256,printable,G-P-CG-L,cgge,KNOWNLENGTH,8,1,0,BLOCKED_SPECIFICATION,,,NOT_EVALUATED
sha256,printable,G-P-CG-L,cgge,KNOWNLENGTH,8,10,0,BLOCKED_SPECIFICATION,,,NOT_EVALUATED
sha256,printable,G-P-CG-L,cgge,KNOWNLENGTH,8,100,0,BLOCKED_SPECIFICATION,,,NOT_EVALUATED
sha256,printable,G-P-CG-L,cgge,KNOWNLENGTH,8,1,1,BLOCKED_SPECIFICATION,,,NOT_EVALUATED
sha256,printable,G-P-CG-L,cgge,KNOWNLENGTH,8,10,1,BLOCKED_SPECIFICATION,,,NOT_EVALUATED
sha256,printable,G-P-CG-L,cgge,KNOWNLENGTH,8,100,1,BLOCKED_SPECIFICATION,,,NOT_EVALUATED
sha256,printable,G-P-CG-L,cgge,KNOWNLENGTH,8,1,2,BLOCKED_SPECIFICATION,,,NOT_EVALUATED
sha256,printable,G-P-CG-L,cgge,KNOWNLENGTH,8,10,2,BLOCKED_SPECIFICATION,,,NOT_EVALUATED
sha256,printable,G-P-CG-L,cgge,KNOWNLENGTH,8,100,2,BLOCKED_SPECIFICATION,,,NOT_EVALUATED
sha256,random_bytes,G-R-BGV-L,bgv,KNOWNLENGTH,8,1,0,BLOCKED_SPECIFICATION,,,NOT_EVALUATED
sha256,random_bytes,G-R-BGV-L,bgv,KNOWNLENGTH,8,10,0,BLOCKED_SPECIFICATION,,,NOT_EVALUATED
sha256,random_bytes,G-R-BGV-L,bgv,KNOWNLENGTH,8,100,0,BLOCKED_SPECIFICATION,,,NOT_EVALUATED
sha256,random_bytes,G-R-BGV-L,bgv,KNOWNLENGTH,8,1,1,BLOCKED_SPECIFICATION,,,NOT_EVALUATED
sha256,random_bytes,G-R-BGV-L,bgv,KNOWNLENGTH,8,10,1,BLOCKED_SPECIFICATION,,,NOT_EVALUATED
sha256,random_bytes,G-R-BGV-L,bgv,KNOWNLENGTH,8,100,1,BLOCKED_SPECIFICATION,,,NOT_EVALUATED
sha256,random_bytes,G-R-BGV-L,bgv,KNOWNLENGTH,8,1,2,BLOCKED_SPECIFICATION,,,NOT_EVALUATED
sha256,random_bytes,G-R-BGV-L,bgv,KNOWNLENGTH,8,10,2,BLOCKED_SPECIFICATION,,,NOT_EVALUATED
sha256,random_bytes,G-R-BGV-L,bgv,KNOWNLENGTH,8,100,2,BLOCKED_SPECIFICATION,,,NOT_EVALUATED
sha256,printable,D-P-L,tokens,KNOWNLENGTH,8,1,0,BLOCKED_SPECIFICATION,,,NOT_EVALUATED
sha256,printable,D-P-L,tokens,KNOWNLENGTH,8,10,0,BLOCKED_SPECIFICATION,,,NOT_EVALUATED
sha256,printable,D-P-L,tokens,KNOWNLENGTH,8,100,0,BLOCKED_SPECIFICATION,,,NOT_EVALUATED
sha256,printable,D-P-L,tokens,KNOWNLENGTH,8,1,1,BLOCKED_SPECIFICATION,,,NOT_EVALUATED
sha256,printable,D-P-L,tokens,KNOWNLENGTH,8,10,1,BLOCKED_SPECIFICATION,,,NOT_EVALUATED
sha256,printable,D-P-L,tokens,KNOWNLENGTH,8,100,1,BLOCKED_SPECIFICATION,,,NOT_EVALUATED
sha256,printable,D-P-L,tokens,KNOWNLENGTH,8,1,2,BLOCKED_SPECIFICATION,,,NOT_EVALUATED
sha256,printable,D-P-L,tokens,KNOWNLENGTH,8,10,2,BLOCKED_SPECIFICATION,,,NOT_EVALUATED
sha256,printable,D-P-L,tokens,KNOWNLENGTH,8,100,2,BLOCKED_SPECIFICATION,,,NOT_EVALUATED
sha256,random_bytes,D-R-L,tokens,KNOWNLENGTH,8,1,0,BLOCKED_SPECIFICATION,,,NOT_EVALUATED
sha256,random_bytes,D-R-L,tokens,KNOWNLENGTH,8,10,0,BLOCKED_SPECIFICATION,,,NOT_EVALUATED
sha256,random_bytes,D-R-L,tokens,KNOWNLENGTH,8,100,0,BLOCKED_SPECIFICATION,,,NOT_EVALUATED
sha256,random_bytes,D-R-L,tokens,KNOWNLENGTH,8,1,1,BLOCKED_SPECIFICATION,,,NOT_EVALUATED
sha256,random_bytes,D-R-L,tokens,KNOWNLENGTH,8,10,1,BLOCKED_SPECIFICATION,,,NOT_EVALUATED
sha256,random_bytes,D-R-L,tokens,KNOWNLENGTH,8,100,1,BLOCKED_SPECIFICATION,,,NOT_EVALUATED
sha256,random_bytes,D-R-L,tokens,KNOWNLENGTH,8,1,2,BLOCKED_SPECIFICATION,,,NOT_EVALUATED
sha256,random_bytes,D-R-L,tokens,KNOWNLENGTH,8,10,2,BLOCKED_SPECIFICATION,,,NOT_EVALUATED
sha256,random_bytes,D-R-L,tokens,KNOWNLENGTH,8,100,2,BLOCKED_SPECIFICATION,,,NOT_EVALUATED
sha256,printable,G-P-BGV,bgv,HASHONLY,12,1,0,BLOCKED_SPECIFICATION,,,NOT_EVALUATED
sha256,printable,G-P-BGV,bgv,HASHONLY,12,10,0,BLOCKED_SPECIFICATION,,,NOT_EVALUATED
sha256,printable,G-P-BGV,bgv,HASHONLY,12,100,0,BLOCKED_SPECIFICATION,,,NOT_EVALUATED
sha256,printable,G-P-BGV,bgv,HASHONLY,12,1,1,BLOCKED_SPECIFICATION,,,NOT_EVALUATED
sha256,printable,G-P-BGV,bgv,HASHONLY,12,10,1,BLOCKED_SPECIFICATION,,,NOT_EVALUATED
sha256,printable,G-P-BGV,bgv,HASHONLY,12,100,1,BLOCKED_SPECIFICATION,,,NOT_EVALUATED
sha256,printable,G-P-BGV,bgv,HASHONLY,12,1,2,BLOCKED_SPECIFICATION,,,NOT_EVALUATED
sha256,printable,G-P-BGV,bgv,HASHONLY,12,10,2,BLOCKED_SPECIFICATION,,,NOT_EVALUATED
sha256,printable,G-P-BGV,bgv,HASHONLY,12,100,2,BLOCKED_SPECIFICATION,,,NOT_EVALUATED
sha256,printable,G-P-CG,cgge,HASHONLY,12,1,0,BLOCKED_SPECIFICATION,,,NOT_EVALUATED
sha256,printable,G-P-CG,cgge,HASHONLY,12,10,0,BLOCKED_SPECIFICATION,,,NOT_EVALUATED
sha256,printable,G-P-CG,cgge,HASHONLY,12,100,0,BLOCKED_SPECIFICATION,,,NOT_EVALUATED
sha256,printable,G-P-CG,cgge,HASHONLY,12,1,1,BLOCKED_SPECIFICATION,,,NOT_EVALUATED
sha256,printable,G-P-CG,cgge,HASHONLY,12,10,1,BLOCKED_SPECIFICATION,,,NOT_EVALUATED
sha256,printable,G-P-CG,cgge,HASHONLY,12,100,1,BLOCKED_SPECIFICATION,,,NOT_EVALUATED
sha256,printable,G-P-CG,cgge,HASHONLY,12,1,2,BLOCKED_SPECIFICATION,,,NOT_EVALUATED
sha256,printable,G-P-CG,cgge,HASHONLY,12,10,2,BLOCKED_SPECIFICATION,,,NOT_EVALUATED
sha256,printable,G-P-CG,cgge,HASHONLY,12,100,2,BLOCKED_SPECIFICATION,,,NOT_EVALUATED
sha256,random_bytes,G-R-BGV,bgv,HASHONLY,12,1,0,BLOCKED_SPECIFICATION,,,NOT_EVALUATED
sha256,random_bytes,G-R-BGV,bgv,HASHONLY,12,10,0,BLOCKED_SPECIFICATION,,,NOT_EVALUATED
sha256,random_bytes,G-R-BGV,bgv,HASHONLY,12,100,0,BLOCKED_SPECIFICATION,,,NOT_EVALUATED
sha256,random_bytes,G-R-BGV,bgv,HASHONLY,12,1,1,BLOCKED_SPECIFICATION,,,NOT_EVALUATED
sha256,random_bytes,G-R-BGV,bgv,HASHONLY,12,10,1,BLOCKED_SPECIFICATION,,,NOT_EVALUATED
sha256,random_bytes,G-R-BGV,bgv,HASHONLY,12,100,1,BLOCKED_SPECIFICATION,,,NOT_EVALUATED
sha256,random_bytes,G-R-BGV,bgv,HASHONLY,12,1,2,BLOCKED_SPECIFICATION,,,NOT_EVALUATED
sha256,random_bytes,G-R-BGV,bgv,HASHONLY,12,10,2,BLOCKED_SPECIFICATION,,,NOT_EVALUATED
sha256,random_bytes,G-R-BGV,bgv,HASHONLY,12,100,2,BLOCKED_SPECIFICATION,,,NOT_EVALUATED
sha256,printable,D-P,tokens,HASHONLY,12,1,0,BLOCKED_SPECIFICATION,,,NOT_EVALUATED
sha256,printable,D-P,tokens,HASHONLY,12,10,0,BLOCKED_SPECIFICATION,,,NOT_EVALUATED
sha256,printable,D-P,tokens,HASHONLY,12,100,0,BLOCKED_SPECIFICATION,,,NOT_EVALUATED
sha256,printable,D-P,tokens,HASHONLY,12,1,1,BLOCKED_SPECIFICATION,,,NOT_EVALUATED
sha256,printable,D-P,tokens,HASHONLY,12,10,1,BLOCKED_SPECIFICATION,,,NOT_EVALUATED
sha256,printable,D-P,tokens,HASHONLY,12,100,1,BLOCKED_SPECIFICATION,,,NOT_EVALUATED
sha256,printable,D-P,tokens,HASHONLY,12,1,2,BLOCKED_SPECIFICATION,,,NOT_EVALUATED
sha256,printable,D-P,tokens,HASHONLY,12,10,2,BLOCKED_SPECIFICATION,,,NOT_EVALUATED
sha256,printable,D-P,tokens,HASHONLY,12,100,2,BLOCKED_SPECIFICATION,,,NOT_EVALUATED
sha256,random_bytes,D-R,tokens,HASHONLY,12,1,0,BLOCKED_SPECIFICATION,,,NOT_EVALUATED
sha256,random_bytes,D-R,tokens,HASHONLY,12,10,0,BLOCKED_SPECIFICATION,,,NOT_EVALUATED
sha256,random_bytes,D-R,tokens,HASHONLY,12,100,0,BLOCKED_SPECIFICATION,,,NOT_EVALUATED
sha256,random_bytes,D-R,tokens,HASHONLY,12,1,1,BLOCKED_SPECIFICATION,,,NOT_EVALUATED
sha256,random_bytes,D-R,tokens,HASHONLY,12,10,1,BLOCKED_SPECIFICATION,,,NOT_EVALUATED
sha256,random_bytes,D-R,tokens,HASHONLY,12,100,1,BLOCKED_SPECIFICATION,,,NOT_EVALUATED
sha256,random_bytes,D-R,tokens,HASHONLY,12,1,2,BLOCKED_SPECIFICATION,,,NOT_EVALUATED
sha256,random_bytes,D-R,tokens,HASHONLY,12,10,2,BLOCKED_SPECIFICATION,,,NOT_EVALUATED
sha256,random_bytes,D-R,tokens,HASHONLY,12,100,2,BLOCKED_SPECIFICATION,,,NOT_EVALUATED
sha256,printable,G-P-BGV-L,bgv,KNOWNLENGTH,12,1,0,BLOCKED_SPECIFICATION,,,NOT_EVALUATED
sha256,printable,G-P-BGV-L,bgv,KNOWNLENGTH,12,10,0,BLOCKED_SPECIFICATION,,,NOT_EVALUATED
sha256,printable,G-P-BGV-L,bgv,KNOWNLENGTH,12,100,0,BLOCKED_SPECIFICATION,,,NOT_EVALUATED
sha256,printable,G-P-BGV-L,bgv,KNOWNLENGTH,12,1,1,BLOCKED_SPECIFICATION,,,NOT_EVALUATED
sha256,printable,G-P-BGV-L,bgv,KNOWNLENGTH,12,10,1,BLOCKED_SPECIFICATION,,,NOT_EVALUATED
sha256,printable,G-P-BGV-L,bgv,KNOWNLENGTH,12,100,1,BLOCKED_SPECIFICATION,,,NOT_EVALUATED
sha256,printable,G-P-BGV-L,bgv,KNOWNLENGTH,12,1,2,BLOCKED_SPECIFICATION,,,NOT_EVALUATED
sha256,printable,G-P-BGV-L,bgv,KNOWNLENGTH,12,10,2,BLOCKED_SPECIFICATION,,,NOT_EVALUATED
sha256,printable,G-P-BGV-L,bgv,KNOWNLENGTH,12,100,2,BLOCKED_SPECIFICATION,,,NOT_EVALUATED
sha256,printable,G-P-CG-L,cgge,KNOWNLENGTH,12,1,0,BLOCKED_SPECIFICATION,,,NOT_EVALUATED
sha256,printable,G-P-CG-L,cgge,KNOWNLENGTH,12,10,0,BLOCKED_SPECIFICATION,,,NOT_EVALUATED
sha256,printable,G-P-CG-L,cgge,KNOWNLENGTH,12,100,0,BLOCKED_SPECIFICATION,,,NOT_EVALUATED
sha256,printable,G-P-CG-L,cgge,KNOWNLENGTH,12,1,1,BLOCKED_SPECIFICATION,,,NOT_EVALUATED
sha256,printable,G-P-CG-L,cgge,KNOWNLENGTH,12,10,1,BLOCKED_SPECIFICATION,,,NOT_EVALUATED
sha256,printable,G-P-CG-L,cgge,KNOWNLENGTH,12,100,1,BLOCKED_SPECIFICATION,,,NOT_EVALUATED
sha256,printable,G-P-CG-L,cgge,KNOWNLENGTH,12,1,2,BLOCKED_SPECIFICATION,,,NOT_EVALUATED
sha256,printable,G-P-CG-L,cgge,KNOWNLENGTH,12,10,2,BLOCKED_SPECIFICATION,,,NOT_EVALUATED
sha256,printable,G-P-CG-L,cgge,KNOWNLENGTH,12,100,2,BLOCKED_SPECIFICATION,,,NOT_EVALUATED
sha256,random_bytes,G-R-BGV-L,bgv,KNOWNLENGTH,12,1,0,BLOCKED_SPECIFICATION,,,NOT_EVALUATED
sha256,random_bytes,G-R-BGV-L,bgv,KNOWNLENGTH,12,10,0,BLOCKED_SPECIFICATION,,,NOT_EVALUATED
sha256,random_bytes,G-R-BGV-L,bgv,KNOWNLENGTH,12,100,0,BLOCKED_SPECIFICATION,,,NOT_EVALUATED
sha256,random_bytes,G-R-BGV-L,bgv,KNOWNLENGTH,12,1,1,BLOCKED_SPECIFICATION,,,NOT_EVALUATED
sha256,random_bytes,G-R-BGV-L,bgv,KNOWNLENGTH,12,10,1,BLOCKED_SPECIFICATION,,,NOT_EVALUATED
sha256,random_bytes,G-R-BGV-L,bgv,KNOWNLENGTH,12,100,1,BLOCKED_SPECIFICATION,,,NOT_EVALUATED
sha256,random_bytes,G-R-BGV-L,bgv,KNOWNLENGTH,12,1,2,BLOCKED_SPECIFICATION,,,NOT_EVALUATED
sha256,random_bytes,G-R-BGV-L,bgv,KNOWNLENGTH,12,10,2,BLOCKED_SPECIFICATION,,,NOT_EVALUATED
sha256,random_bytes,G-R-BGV-L,bgv,KNOWNLENGTH,12,100,2,BLOCKED_SPECIFICATION,,,NOT_EVALUATED
sha256,printable,D-P-L,tokens,KNOWNLENGTH,12,1,0,BLOCKED_SPECIFICATION,,,NOT_EVALUATED
sha256,printable,D-P-L,tokens,KNOWNLENGTH,12,10,0,BLOCKED_SPECIFICATION,,,NOT_EVALUATED
sha256,printable,D-P-L,tokens,KNOWNLENGTH,12,100,0,BLOCKED_SPECIFICATION,,,NOT_EVALUATED
sha256,printable,D-P-L,tokens,KNOWNLENGTH,12,1,1,BLOCKED_SPECIFICATION,,,NOT_EVALUATED
sha256,printable,D-P-L,tokens,KNOWNLENGTH,12,10,1,BLOCKED_SPECIFICATION,,,NOT_EVALUATED
sha256,printable,D-P-L,tokens,KNOWNLENGTH,12,100,1,BLOCKED_SPECIFICATION,,,NOT_EVALUATED
sha256,printable,D-P-L,tokens,KNOWNLENGTH,12,1,2,BLOCKED_SPECIFICATION,,,NOT_EVALUATED
sha256,printable,D-P-L,tokens,KNOWNLENGTH,12,10,2,BLOCKED_SPECIFICATION,,,NOT_EVALUATED
sha256,printable,D-P-L,tokens,KNOWNLENGTH,12,100,2,BLOCKED_SPECIFICATION,,,NOT_EVALUATED
sha256,random_bytes,D-R-L,tokens,KNOWNLENGTH,12,1,0,BLOCKED_SPECIFICATION,,,NOT_EVALUATED
sha256,random_bytes,D-R-L,tokens,KNOWNLENGTH,12,10,0,BLOCKED_SPECIFICATION,,,NOT_EVALUATED
sha256,random_bytes,D-R-L,tokens,KNOWNLENGTH,12,100,0,BLOCKED_SPECIFICATION,,,NOT_EVALUATED
sha256,random_bytes,D-R-L,tokens,KNOWNLENGTH,12,1,1,BLOCKED_SPECIFICATION,,,NOT_EVALUATED
sha256,random_bytes,D-R-L,tokens,KNOWNLENGTH,12,10,1,BLOCKED_SPECIFICATION,,,NOT_EVALUATED
sha256,random_bytes,D-R-L,tokens,KNOWNLENGTH,12,100,1,BLOCKED_SPECIFICATION,,,NOT_EVALUATED
sha256,random_bytes,D-R-L,tokens,KNOWNLENGTH,12,1,2,BLOCKED_SPECIFICATION,,,NOT_EVALUATED
sha256,random_bytes,D-R-L,tokens,KNOWNLENGTH,12,10,2,BLOCKED_SPECIFICATION,,,NOT_EVALUATED
sha256,random_bytes,D-R-L,tokens,KNOWNLENGTH,12,100,2,BLOCKED_SPECIFICATION,,,NOT_EVALUATED
sha256,printable,G-P-BGV,bgv,HASHONLY,16,1,0,BLOCKED_SPECIFICATION,,,NOT_EVALUATED
sha256,printable,G-P-BGV,bgv,HASHONLY,16,10,0,BLOCKED_SPECIFICATION,,,NOT_EVALUATED
sha256,printable,G-P-BGV,bgv,HASHONLY,16,100,0,BLOCKED_SPECIFICATION,,,NOT_EVALUATED
sha256,printable,G-P-BGV,bgv,HASHONLY,16,1,1,BLOCKED_SPECIFICATION,,,NOT_EVALUATED
sha256,printable,G-P-BGV,bgv,HASHONLY,16,10,1,BLOCKED_SPECIFICATION,,,NOT_EVALUATED
sha256,printable,G-P-BGV,bgv,HASHONLY,16,100,1,BLOCKED_SPECIFICATION,,,NOT_EVALUATED
sha256,printable,G-P-BGV,bgv,HASHONLY,16,1,2,BLOCKED_SPECIFICATION,,,NOT_EVALUATED
sha256,printable,G-P-BGV,bgv,HASHONLY,16,10,2,BLOCKED_SPECIFICATION,,,NOT_EVALUATED
sha256,printable,G-P-BGV,bgv,HASHONLY,16,100,2,BLOCKED_SPECIFICATION,,,NOT_EVALUATED
sha256,printable,G-P-CG,cgge,HASHONLY,16,1,0,BLOCKED_SPECIFICATION,,,NOT_EVALUATED
sha256,printable,G-P-CG,cgge,HASHONLY,16,10,0,BLOCKED_SPECIFICATION,,,NOT_EVALUATED
sha256,printable,G-P-CG,cgge,HASHONLY,16,100,0,BLOCKED_SPECIFICATION,,,NOT_EVALUATED
sha256,printable,G-P-CG,cgge,HASHONLY,16,1,1,BLOCKED_SPECIFICATION,,,NOT_EVALUATED
sha256,printable,G-P-CG,cgge,HASHONLY,16,10,1,BLOCKED_SPECIFICATION,,,NOT_EVALUATED
sha256,printable,G-P-CG,cgge,HASHONLY,16,100,1,BLOCKED_SPECIFICATION,,,NOT_EVALUATED
sha256,printable,G-P-CG,cgge,HASHONLY,16,1,2,BLOCKED_SPECIFICATION,,,NOT_EVALUATED
sha256,printable,G-P-CG,cgge,HASHONLY,16,10,2,BLOCKED_SPECIFICATION,,,NOT_EVALUATED
sha256,printable,G-P-CG,cgge,HASHONLY,16,100,2,BLOCKED_SPECIFICATION,,,NOT_EVALUATED
sha256,random_bytes,G-R-BGV,bgv,HASHONLY,16,1,0,BLOCKED_SPECIFICATION,,,NOT_EVALUATED
sha256,random_bytes,G-R-BGV,bgv,HASHONLY,16,10,0,BLOCKED_SPECIFICATION,,,NOT_EVALUATED
sha256,random_bytes,G-R-BGV,bgv,HASHONLY,16,100,0,BLOCKED_SPECIFICATION,,,NOT_EVALUATED
sha256,random_bytes,G-R-BGV,bgv,HASHONLY,16,1,1,BLOCKED_SPECIFICATION,,,NOT_EVALUATED
sha256,random_bytes,G-R-BGV,bgv,HASHONLY,16,10,1,BLOCKED_SPECIFICATION,,,NOT_EVALUATED
sha256,random_bytes,G-R-BGV,bgv,HASHONLY,16,100,1,BLOCKED_SPECIFICATION,,,NOT_EVALUATED
sha256,random_bytes,G-R-BGV,bgv,HASHONLY,16,1,2,BLOCKED_SPECIFICATION,,,NOT_EVALUATED
sha256,random_bytes,G-R-BGV,bgv,HASHONLY,16,10,2,BLOCKED_SPECIFICATION,,,NOT_EVALUATED
sha256,random_bytes,G-R-BGV,bgv,HASHONLY,16,100,2,BLOCKED_SPECIFICATION,,,NOT_EVALUATED
sha256,printable,D-P,tokens,HASHONLY,16,1,0,BLOCKED_SPECIFICATION,,,NOT_EVALUATED
sha256,printable,D-P,tokens,HASHONLY,16,10,0,BLOCKED_SPECIFICATION,,,NOT_EVALUATED
sha256,printable,D-P,tokens,HASHONLY,16,100,0,BLOCKED_SPECIFICATION,,,NOT_EVALUATED
sha256,printable,D-P,tokens,HASHONLY,16,1,1,BLOCKED_SPECIFICATION,,,NOT_EVALUATED
sha256,printable,D-P,tokens,HASHONLY,16,10,1,BLOCKED_SPECIFICATION,,,NOT_EVALUATED
sha256,printable,D-P,tokens,HASHONLY,16,100,1,BLOCKED_SPECIFICATION,,,NOT_EVALUATED
sha256,printable,D-P,tokens,HASHONLY,16,1,2,BLOCKED_SPECIFICATION,,,NOT_EVALUATED
sha256,printable,D-P,tokens,HASHONLY,16,10,2,BLOCKED_SPECIFICATION,,,NOT_EVALUATED
sha256,printable,D-P,tokens,HASHONLY,16,100,2,BLOCKED_SPECIFICATION,,,NOT_EVALUATED
sha256,random_bytes,D-R,tokens,HASHONLY,16,1,0,BLOCKED_SPECIFICATION,,,NOT_EVALUATED
sha256,random_bytes,D-R,tokens,HASHONLY,16,10,0,BLOCKED_SPECIFICATION,,,NOT_EVALUATED
sha256,random_bytes,D-R,tokens,HASHONLY,16,100,0,BLOCKED_SPECIFICATION,,,NOT_EVALUATED
sha256,random_bytes,D-R,tokens,HASHONLY,16,1,1,BLOCKED_SPECIFICATION,,,NOT_EVALUATED
sha256,random_bytes,D-R,tokens,HASHONLY,16,10,1,BLOCKED_SPECIFICATION,,,NOT_EVALUATED
sha256,random_bytes,D-R,tokens,HASHONLY,16,100,1,BLOCKED_SPECIFICATION,,,NOT_EVALUATED
sha256,random_bytes,D-R,tokens,HASHONLY,16,1,2,BLOCKED_SPECIFICATION,,,NOT_EVALUATED
sha256,random_bytes,D-R,tokens,HASHONLY,16,10,2,BLOCKED_SPECIFICATION,,,NOT_EVALUATED
sha256,random_bytes,D-R,tokens,HASHONLY,16,100,2,BLOCKED_SPECIFICATION,,,NOT_EVALUATED
sha256,printable,G-P-BGV-L,bgv,KNOWNLENGTH,16,1,0,BLOCKED_SPECIFICATION,,,NOT_EVALUATED
sha256,printable,G-P-BGV-L,bgv,KNOWNLENGTH,16,10,0,BLOCKED_SPECIFICATION,,,NOT_EVALUATED
sha256,printable,G-P-BGV-L,bgv,KNOWNLENGTH,16,100,0,BLOCKED_SPECIFICATION,,,NOT_EVALUATED
sha256,printable,G-P-BGV-L,bgv,KNOWNLENGTH,16,1,1,BLOCKED_SPECIFICATION,,,NOT_EVALUATED
sha256,printable,G-P-BGV-L,bgv,KNOWNLENGTH,16,10,1,BLOCKED_SPECIFICATION,,,NOT_EVALUATED
sha256,printable,G-P-BGV-L,bgv,KNOWNLENGTH,16,100,1,BLOCKED_SPECIFICATION,,,NOT_EVALUATED
sha256,printable,G-P-BGV-L,bgv,KNOWNLENGTH,16,1,2,BLOCKED_SPECIFICATION,,,NOT_EVALUATED
sha256,printable,G-P-BGV-L,bgv,KNOWNLENGTH,16,10,2,BLOCKED_SPECIFICATION,,,NOT_EVALUATED
sha256,printable,G-P-BGV-L,bgv,KNOWNLENGTH,16,100,2,BLOCKED_SPECIFICATION,,,NOT_EVALUATED
sha256,printable,G-P-CG-L,cgge,KNOWNLENGTH,16,1,0,BLOCKED_SPECIFICATION,,,NOT_EVALUATED
sha256,printable,G-P-CG-L,cgge,KNOWNLENGTH,16,10,0,BLOCKED_SPECIFICATION,,,NOT_EVALUATED
sha256,printable,G-P-CG-L,cgge,KNOWNLENGTH,16,100,0,BLOCKED_SPECIFICATION,,,NOT_EVALUATED
sha256,printable,G-P-CG-L,cgge,KNOWNLENGTH,16,1,1,BLOCKED_SPECIFICATION,,,NOT_EVALUATED
sha256,printable,G-P-CG-L,cgge,KNOWNLENGTH,16,10,1,BLOCKED_SPECIFICATION,,,NOT_EVALUATED
sha256,printable,G-P-CG-L,cgge,KNOWNLENGTH,16,100,1,BLOCKED_SPECIFICATION,,,NOT_EVALUATED
sha256,printable,G-P-CG-L,cgge,KNOWNLENGTH,16,1,2,BLOCKED_SPECIFICATION,,,NOT_EVALUATED
sha256,printable,G-P-CG-L,cgge,KNOWNLENGTH,16,10,2,BLOCKED_SPECIFICATION,,,NOT_EVALUATED
sha256,printable,G-P-CG-L,cgge,KNOWNLENGTH,16,100,2,BLOCKED_SPECIFICATION,,,NOT_EVALUATED
sha256,random_bytes,G-R-BGV-L,bgv,KNOWNLENGTH,16,1,0,BLOCKED_SPECIFICATION,,,NOT_EVALUATED
sha256,random_bytes,G-R-BGV-L,bgv,KNOWNLENGTH,16,10,0,BLOCKED_SPECIFICATION,,,NOT_EVALUATED
sha256,random_bytes,G-R-BGV-L,bgv,KNOWNLENGTH,16,100,0,BLOCKED_SPECIFICATION,,,NOT_EVALUATED
sha256,random_bytes,G-R-BGV-L,bgv,KNOWNLENGTH,16,1,1,BLOCKED_SPECIFICATION,,,NOT_EVALUATED
sha256,random_bytes,G-R-BGV-L,bgv,KNOWNLENGTH,16,10,1,BLOCKED_SPECIFICATION,,,NOT_EVALUATED
sha256,random_bytes,G-R-BGV-L,bgv,KNOWNLENGTH,16,100,1,BLOCKED_SPECIFICATION,,,NOT_EVALUATED
sha256,random_bytes,G-R-BGV-L,bgv,KNOWNLENGTH,16,1,2,BLOCKED_SPECIFICATION,,,NOT_EVALUATED
sha256,random_bytes,G-R-BGV-L,bgv,KNOWNLENGTH,16,10,2,BLOCKED_SPECIFICATION,,,NOT_EVALUATED
sha256,random_bytes,G-R-BGV-L,bgv,KNOWNLENGTH,16,100,2,BLOCKED_SPECIFICATION,,,NOT_EVALUATED
sha256,printable,D-P-L,tokens,KNOWNLENGTH,16,1,0,BLOCKED_SPECIFICATION,,,NOT_EVALUATED
sha256,printable,D-P-L,tokens,KNOWNLENGTH,16,10,0,BLOCKED_SPECIFICATION,,,NOT_EVALUATED
sha256,printable,D-P-L,tokens,KNOWNLENGTH,16,100,0,BLOCKED_SPECIFICATION,,,NOT_EVALUATED
sha256,printable,D-P-L,tokens,KNOWNLENGTH,16,1,1,BLOCKED_SPECIFICATION,,,NOT_EVALUATED
sha256,printable,D-P-L,tokens,KNOWNLENGTH,16,10,1,BLOCKED_SPECIFICATION,,,NOT_EVALUATED
sha256,printable,D-P-L,tokens,KNOWNLENGTH,16,100,1,BLOCKED_SPECIFICATION,,,NOT_EVALUATED
sha256,printable,D-P-L,tokens,KNOWNLENGTH,16,1,2,BLOCKED_SPECIFICATION,,,NOT_EVALUATED
sha256,printable,D-P-L,tokens,KNOWNLENGTH,16,10,2,BLOCKED_SPECIFICATION,,,NOT_EVALUATED
sha256,printable,D-P-L,tokens,KNOWNLENGTH,16,100,2,BLOCKED_SPECIFICATION,,,NOT_EVALUATED
sha256,random_bytes,D-R-L,tokens,KNOWNLENGTH,16,1,0,BLOCKED_SPECIFICATION,,,NOT_EVALUATED
sha256,random_bytes,D-R-L,tokens,KNOWNLENGTH,16,10,0,BLOCKED_SPECIFICATION,,,NOT_EVALUATED
sha256,random_bytes,D-R-L,tokens,KNOWNLENGTH,16,100,0,BLOCKED_SPECIFICATION,,,NOT_EVALUATED
sha256,random_bytes,D-R-L,tokens,KNOWNLENGTH,16,1,1,BLOCKED_SPECIFICATION,,,NOT_EVALUATED
sha256,random_bytes,D-R-L,tokens,KNOWNLENGTH,16,10,1,BLOCKED_SPECIFICATION,,,NOT_EVALUATED
sha256,random_bytes,D-R-L,tokens,KNOWNLENGTH,16,100,1,BLOCKED_SPECIFICATION,,,NOT_EVALUATED
sha256,random_bytes,D-R-L,tokens,KNOWNLENGTH,16,1,2,BLOCKED_SPECIFICATION,,,NOT_EVALUATED
sha256,random_bytes,D-R-L,tokens,KNOWNLENGTH,16,10,2,BLOCKED_SPECIFICATION,,,NOT_EVALUATED
sha256,random_bytes,D-R-L,tokens,KNOWNLENGTH,16,100,2,BLOCKED_SPECIFICATION,,,NOT_EVALUATED
sha256,printable,G-P-BGV,bgv,HASHONLY,20,1,0,BLOCKED_SPECIFICATION,,,NOT_EVALUATED
sha256,printable,G-P-BGV,bgv,HASHONLY,20,10,0,BLOCKED_SPECIFICATION,,,NOT_EVALUATED
sha256,printable,G-P-BGV,bgv,HASHONLY,20,100,0,BLOCKED_SPECIFICATION,,,NOT_EVALUATED
sha256,printable,G-P-BGV,bgv,HASHONLY,20,1,1,BLOCKED_SPECIFICATION,,,NOT_EVALUATED
sha256,printable,G-P-BGV,bgv,HASHONLY,20,10,1,BLOCKED_SPECIFICATION,,,NOT_EVALUATED
sha256,printable,G-P-BGV,bgv,HASHONLY,20,100,1,BLOCKED_SPECIFICATION,,,NOT_EVALUATED
sha256,printable,G-P-BGV,bgv,HASHONLY,20,1,2,BLOCKED_SPECIFICATION,,,NOT_EVALUATED
sha256,printable,G-P-BGV,bgv,HASHONLY,20,10,2,BLOCKED_SPECIFICATION,,,NOT_EVALUATED
sha256,printable,G-P-BGV,bgv,HASHONLY,20,100,2,BLOCKED_SPECIFICATION,,,NOT_EVALUATED
sha256,printable,G-P-CG,cgge,HASHONLY,20,1,0,BLOCKED_SPECIFICATION,,,NOT_EVALUATED
sha256,printable,G-P-CG,cgge,HASHONLY,20,10,0,BLOCKED_SPECIFICATION,,,NOT_EVALUATED
sha256,printable,G-P-CG,cgge,HASHONLY,20,100,0,BLOCKED_SPECIFICATION,,,NOT_EVALUATED
sha256,printable,G-P-CG,cgge,HASHONLY,20,1,1,BLOCKED_SPECIFICATION,,,NOT_EVALUATED
sha256,printable,G-P-CG,cgge,HASHONLY,20,10,1,BLOCKED_SPECIFICATION,,,NOT_EVALUATED
sha256,printable,G-P-CG,cgge,HASHONLY,20,100,1,BLOCKED_SPECIFICATION,,,NOT_EVALUATED
sha256,printable,G-P-CG,cgge,HASHONLY,20,1,2,BLOCKED_SPECIFICATION,,,NOT_EVALUATED
sha256,printable,G-P-CG,cgge,HASHONLY,20,10,2,BLOCKED_SPECIFICATION,,,NOT_EVALUATED
sha256,printable,G-P-CG,cgge,HASHONLY,20,100,2,BLOCKED_SPECIFICATION,,,NOT_EVALUATED
sha256,random_bytes,G-R-BGV,bgv,HASHONLY,20,1,0,BLOCKED_SPECIFICATION,,,NOT_EVALUATED
sha256,random_bytes,G-R-BGV,bgv,HASHONLY,20,10,0,BLOCKED_SPECIFICATION,,,NOT_EVALUATED
sha256,random_bytes,G-R-BGV,bgv,HASHONLY,20,100,0,BLOCKED_SPECIFICATION,,,NOT_EVALUATED
sha256,random_bytes,G-R-BGV,bgv,HASHONLY,20,1,1,BLOCKED_SPECIFICATION,,,NOT_EVALUATED
sha256,random_bytes,G-R-BGV,bgv,HASHONLY,20,10,1,BLOCKED_SPECIFICATION,,,NOT_EVALUATED
sha256,random_bytes,G-R-BGV,bgv,HASHONLY,20,100,1,BLOCKED_SPECIFICATION,,,NOT_EVALUATED
sha256,random_bytes,G-R-BGV,bgv,HASHONLY,20,1,2,BLOCKED_SPECIFICATION,,,NOT_EVALUATED
sha256,random_bytes,G-R-BGV,bgv,HASHONLY,20,10,2,BLOCKED_SPECIFICATION,,,NOT_EVALUATED
sha256,random_bytes,G-R-BGV,bgv,HASHONLY,20,100,2,BLOCKED_SPECIFICATION,,,NOT_EVALUATED
sha256,printable,D-P,tokens,HASHONLY,20,1,0,BLOCKED_SPECIFICATION,,,NOT_EVALUATED
sha256,printable,D-P,tokens,HASHONLY,20,10,0,BLOCKED_SPECIFICATION,,,NOT_EVALUATED
sha256,printable,D-P,tokens,HASHONLY,20,100,0,BLOCKED_SPECIFICATION,,,NOT_EVALUATED
sha256,printable,D-P,tokens,HASHONLY,20,1,1,BLOCKED_SPECIFICATION,,,NOT_EVALUATED
sha256,printable,D-P,tokens,HASHONLY,20,10,1,BLOCKED_SPECIFICATION,,,NOT_EVALUATED
sha256,printable,D-P,tokens,HASHONLY,20,100,1,BLOCKED_SPECIFICATION,,,NOT_EVALUATED
sha256,printable,D-P,tokens,HASHONLY,20,1,2,BLOCKED_SPECIFICATION,,,NOT_EVALUATED
sha256,printable,D-P,tokens,HASHONLY,20,10,2,BLOCKED_SPECIFICATION,,,NOT_EVALUATED
sha256,printable,D-P,tokens,HASHONLY,20,100,2,BLOCKED_SPECIFICATION,,,NOT_EVALUATED
sha256,random_bytes,D-R,tokens,HASHONLY,20,1,0,BLOCKED_SPECIFICATION,,,NOT_EVALUATED
sha256,random_bytes,D-R,tokens,HASHONLY,20,10,0,BLOCKED_SPECIFICATION,,,NOT_EVALUATED
sha256,random_bytes,D-R,tokens,HASHONLY,20,100,0,BLOCKED_SPECIFICATION,,,NOT_EVALUATED
sha256,random_bytes,D-R,tokens,HASHONLY,20,1,1,BLOCKED_SPECIFICATION,,,NOT_EVALUATED
sha256,random_bytes,D-R,tokens,HASHONLY,20,10,1,BLOCKED_SPECIFICATION,,,NOT_EVALUATED
sha256,random_bytes,D-R,tokens,HASHONLY,20,100,1,BLOCKED_SPECIFICATION,,,NOT_EVALUATED
sha256,random_bytes,D-R,tokens,HASHONLY,20,1,2,BLOCKED_SPECIFICATION,,,NOT_EVALUATED
sha256,random_bytes,D-R,tokens,HASHONLY,20,10,2,BLOCKED_SPECIFICATION,,,NOT_EVALUATED
sha256,random_bytes,D-R,tokens,HASHONLY,20,100,2,BLOCKED_SPECIFICATION,,,NOT_EVALUATED
sha256,printable,G-P-BGV-L,bgv,KNOWNLENGTH,20,1,0,BLOCKED_SPECIFICATION,,,NOT_EVALUATED
sha256,printable,G-P-BGV-L,bgv,KNOWNLENGTH,20,10,0,BLOCKED_SPECIFICATION,,,NOT_EVALUATED
sha256,printable,G-P-BGV-L,bgv,KNOWNLENGTH,20,100,0,BLOCKED_SPECIFICATION,,,NOT_EVALUATED
sha256,printable,G-P-BGV-L,bgv,KNOWNLENGTH,20,1,1,BLOCKED_SPECIFICATION,,,NOT_EVALUATED
sha256,printable,G-P-BGV-L,bgv,KNOWNLENGTH,20,10,1,BLOCKED_SPECIFICATION,,,NOT_EVALUATED
sha256,printable,G-P-BGV-L,bgv,KNOWNLENGTH,20,100,1,BLOCKED_SPECIFICATION,,,NOT_EVALUATED
sha256,printable,G-P-BGV-L,bgv,KNOWNLENGTH,20,1,2,BLOCKED_SPECIFICATION,,,NOT_EVALUATED
sha256,printable,G-P-BGV-L,bgv,KNOWNLENGTH,20,10,2,BLOCKED_SPECIFICATION,,,NOT_EVALUATED
sha256,printable,G-P-BGV-L,bgv,KNOWNLENGTH,20,100,2,BLOCKED_SPECIFICATION,,,NOT_EVALUATED
sha256,printable,G-P-CG-L,cgge,KNOWNLENGTH,20,1,0,BLOCKED_SPECIFICATION,,,NOT_EVALUATED
sha256,printable,G-P-CG-L,cgge,KNOWNLENGTH,20,10,0,BLOCKED_SPECIFICATION,,,NOT_EVALUATED
sha256,printable,G-P-CG-L,cgge,KNOWNLENGTH,20,100,0,BLOCKED_SPECIFICATION,,,NOT_EVALUATED
sha256,printable,G-P-CG-L,cgge,KNOWNLENGTH,20,1,1,BLOCKED_SPECIFICATION,,,NOT_EVALUATED
sha256,printable,G-P-CG-L,cgge,KNOWNLENGTH,20,10,1,BLOCKED_SPECIFICATION,,,NOT_EVALUATED
sha256,printable,G-P-CG-L,cgge,KNOWNLENGTH,20,100,1,BLOCKED_SPECIFICATION,,,NOT_EVALUATED
sha256,printable,G-P-CG-L,cgge,KNOWNLENGTH,20,1,2,BLOCKED_SPECIFICATION,,,NOT_EVALUATED
sha256,printable,G-P-CG-L,cgge,KNOWNLENGTH,20,10,2,BLOCKED_SPECIFICATION,,,NOT_EVALUATED
sha256,printable,G-P-CG-L,cgge,KNOWNLENGTH,20,100,2,BLOCKED_SPECIFICATION,,,NOT_EVALUATED
sha256,random_bytes,G-R-BGV-L,bgv,KNOWNLENGTH,20,1,0,BLOCKED_SPECIFICATION,,,NOT_EVALUATED
sha256,random_bytes,G-R-BGV-L,bgv,KNOWNLENGTH,20,10,0,BLOCKED_SPECIFICATION,,,NOT_EVALUATED
sha256,random_bytes,G-R-BGV-L,bgv,KNOWNLENGTH,20,100,0,BLOCKED_SPECIFICATION,,,NOT_EVALUATED
sha256,random_bytes,G-R-BGV-L,bgv,KNOWNLENGTH,20,1,1,BLOCKED_SPECIFICATION,,,NOT_EVALUATED
sha256,random_bytes,G-R-BGV-L,bgv,KNOWNLENGTH,20,10,1,BLOCKED_SPECIFICATION,,,NOT_EVALUATED
sha256,random_bytes,G-R-BGV-L,bgv,KNOWNLENGTH,20,100,1,BLOCKED_SPECIFICATION,,,NOT_EVALUATED
sha256,random_bytes,G-R-BGV-L,bgv,KNOWNLENGTH,20,1,2,BLOCKED_SPECIFICATION,,,NOT_EVALUATED
sha256,random_bytes,G-R-BGV-L,bgv,KNOWNLENGTH,20,10,2,BLOCKED_SPECIFICATION,,,NOT_EVALUATED
sha256,random_bytes,G-R-BGV-L,bgv,KNOWNLENGTH,20,100,2,BLOCKED_SPECIFICATION,,,NOT_EVALUATED
sha256,printable,D-P-L,tokens,KNOWNLENGTH,20,1,0,BLOCKED_SPECIFICATION,,,NOT_EVALUATED
sha256,printable,D-P-L,tokens,KNOWNLENGTH,20,10,0,BLOCKED_SPECIFICATION,,,NOT_EVALUATED
sha256,printable,D-P-L,tokens,KNOWNLENGTH,20,100,0,BLOCKED_SPECIFICATION,,,NOT_EVALUATED
sha256,printable,D-P-L,tokens,KNOWNLENGTH,20,1,1,BLOCKED_SPECIFICATION,,,NOT_EVALUATED
sha256,printable,D-P-L,tokens,KNOWNLENGTH,20,10,1,BLOCKED_SPECIFICATION,,,NOT_EVALUATED
sha256,printable,D-P-L,tokens,KNOWNLENGTH,20,100,1,BLOCKED_SPECIFICATION,,,NOT_EVALUATED
sha256,printable,D-P-L,tokens,KNOWNLENGTH,20,1,2,BLOCKED_SPECIFICATION,,,NOT_EVALUATED
sha256,printable,D-P-L,tokens,KNOWNLENGTH,20,10,2,BLOCKED_SPECIFICATION,,,NOT_EVALUATED
sha256,printable,D-P-L,tokens,KNOWNLENGTH,20,100,2,BLOCKED_SPECIFICATION,,,NOT_EVALUATED
sha256,random_bytes,D-R-L,tokens,KNOWNLENGTH,20,1,0,BLOCKED_SPECIFICATION,,,NOT_EVALUATED
sha256,random_bytes,D-R-L,tokens,KNOWNLENGTH,20,10,0,BLOCKED_SPECIFICATION,,,NOT_EVALUATED
sha256,random_bytes,D-R-L,tokens,KNOWNLENGTH,20,100,0,BLOCKED_SPECIFICATION,,,NOT_EVALUATED
sha256,random_bytes,D-R-L,tokens,KNOWNLENGTH,20,1,1,BLOCKED_SPECIFICATION,,,NOT_EVALUATED
sha256,random_bytes,D-R-L,tokens,KNOWNLENGTH,20,10,1,BLOCKED_SPECIFICATION,,,NOT_EVALUATED
sha256,random_bytes,D-R-L,tokens,KNOWNLENGTH,20,100,1,BLOCKED_SPECIFICATION,,,NOT_EVALUATED
sha256,random_bytes,D-R-L,tokens,KNOWNLENGTH,20,1,2,BLOCKED_SPECIFICATION,,,NOT_EVALUATED
sha256,random_bytes,D-R-L,tokens,KNOWNLENGTH,20,10,2,BLOCKED_SPECIFICATION,,,NOT_EVALUATED
sha256,random_bytes,D-R-L,tokens,KNOWNLENGTH,20,100,2,BLOCKED_SPECIFICATION,,,NOT_EVALUATED
sha256,printable,G-P-BGV,bgv,HASHONLY,24,1,0,BLOCKED_SPECIFICATION,,,NOT_EVALUATED
sha256,printable,G-P-BGV,bgv,HASHONLY,24,10,0,BLOCKED_SPECIFICATION,,,NOT_EVALUATED
sha256,printable,G-P-BGV,bgv,HASHONLY,24,100,0,BLOCKED_SPECIFICATION,,,NOT_EVALUATED
sha256,printable,G-P-BGV,bgv,HASHONLY,24,1,1,BLOCKED_SPECIFICATION,,,NOT_EVALUATED
sha256,printable,G-P-BGV,bgv,HASHONLY,24,10,1,BLOCKED_SPECIFICATION,,,NOT_EVALUATED
sha256,printable,G-P-BGV,bgv,HASHONLY,24,100,1,BLOCKED_SPECIFICATION,,,NOT_EVALUATED
sha256,printable,G-P-BGV,bgv,HASHONLY,24,1,2,BLOCKED_SPECIFICATION,,,NOT_EVALUATED
sha256,printable,G-P-BGV,bgv,HASHONLY,24,10,2,BLOCKED_SPECIFICATION,,,NOT_EVALUATED
sha256,printable,G-P-BGV,bgv,HASHONLY,24,100,2,BLOCKED_SPECIFICATION,,,NOT_EVALUATED
sha256,printable,G-P-CG,cgge,HASHONLY,24,1,0,BLOCKED_SPECIFICATION,,,NOT_EVALUATED
sha256,printable,G-P-CG,cgge,HASHONLY,24,10,0,BLOCKED_SPECIFICATION,,,NOT_EVALUATED
sha256,printable,G-P-CG,cgge,HASHONLY,24,100,0,BLOCKED_SPECIFICATION,,,NOT_EVALUATED
sha256,printable,G-P-CG,cgge,HASHONLY,24,1,1,BLOCKED_SPECIFICATION,,,NOT_EVALUATED
sha256,printable,G-P-CG,cgge,HASHONLY,24,10,1,BLOCKED_SPECIFICATION,,,NOT_EVALUATED
sha256,printable,G-P-CG,cgge,HASHONLY,24,100,1,BLOCKED_SPECIFICATION,,,NOT_EVALUATED
sha256,printable,G-P-CG,cgge,HASHONLY,24,1,2,BLOCKED_SPECIFICATION,,,NOT_EVALUATED
sha256,printable,G-P-CG,cgge,HASHONLY,24,10,2,BLOCKED_SPECIFICATION,,,NOT_EVALUATED
sha256,printable,G-P-CG,cgge,HASHONLY,24,100,2,BLOCKED_SPECIFICATION,,,NOT_EVALUATED
sha256,random_bytes,G-R-BGV,bgv,HASHONLY,24,1,0,BLOCKED_SPECIFICATION,,,NOT_EVALUATED
sha256,random_bytes,G-R-BGV,bgv,HASHONLY,24,10,0,BLOCKED_SPECIFICATION,,,NOT_EVALUATED
sha256,random_bytes,G-R-BGV,bgv,HASHONLY,24,100,0,BLOCKED_SPECIFICATION,,,NOT_EVALUATED
sha256,random_bytes,G-R-BGV,bgv,HASHONLY,24,1,1,BLOCKED_SPECIFICATION,,,NOT_EVALUATED
sha256,random_bytes,G-R-BGV,bgv,HASHONLY,24,10,1,BLOCKED_SPECIFICATION,,,NOT_EVALUATED
sha256,random_bytes,G-R-BGV,bgv,HASHONLY,24,100,1,BLOCKED_SPECIFICATION,,,NOT_EVALUATED
sha256,random_bytes,G-R-BGV,bgv,HASHONLY,24,1,2,BLOCKED_SPECIFICATION,,,NOT_EVALUATED
sha256,random_bytes,G-R-BGV,bgv,HASHONLY,24,10,2,BLOCKED_SPECIFICATION,,,NOT_EVALUATED
sha256,random_bytes,G-R-BGV,bgv,HASHONLY,24,100,2,BLOCKED_SPECIFICATION,,,NOT_EVALUATED
sha256,printable,D-P,tokens,HASHONLY,24,1,0,BLOCKED_SPECIFICATION,,,NOT_EVALUATED
sha256,printable,D-P,tokens,HASHONLY,24,10,0,BLOCKED_SPECIFICATION,,,NOT_EVALUATED
sha256,printable,D-P,tokens,HASHONLY,24,100,0,BLOCKED_SPECIFICATION,,,NOT_EVALUATED
sha256,printable,D-P,tokens,HASHONLY,24,1,1,BLOCKED_SPECIFICATION,,,NOT_EVALUATED
sha256,printable,D-P,tokens,HASHONLY,24,10,1,BLOCKED_SPECIFICATION,,,NOT_EVALUATED
sha256,printable,D-P,tokens,HASHONLY,24,100,1,BLOCKED_SPECIFICATION,,,NOT_EVALUATED
sha256,printable,D-P,tokens,HASHONLY,24,1,2,BLOCKED_SPECIFICATION,,,NOT_EVALUATED
sha256,printable,D-P,tokens,HASHONLY,24,10,2,BLOCKED_SPECIFICATION,,,NOT_EVALUATED
sha256,printable,D-P,tokens,HASHONLY,24,100,2,BLOCKED_SPECIFICATION,,,NOT_EVALUATED
sha256,random_bytes,D-R,tokens,HASHONLY,24,1,0,BLOCKED_SPECIFICATION,,,NOT_EVALUATED
sha256,random_bytes,D-R,tokens,HASHONLY,24,10,0,BLOCKED_SPECIFICATION,,,NOT_EVALUATED
sha256,random_bytes,D-R,tokens,HASHONLY,24,100,0,BLOCKED_SPECIFICATION,,,NOT_EVALUATED
sha256,random_bytes,D-R,tokens,HASHONLY,24,1,1,BLOCKED_SPECIFICATION,,,NOT_EVALUATED
sha256,random_bytes,D-R,tokens,HASHONLY,24,10,1,BLOCKED_SPECIFICATION,,,NOT_EVALUATED
sha256,random_bytes,D-R,tokens,HASHONLY,24,100,1,BLOCKED_SPECIFICATION,,,NOT_EVALUATED
sha256,random_bytes,D-R,tokens,HASHONLY,24,1,2,BLOCKED_SPECIFICATION,,,NOT_EVALUATED
sha256,random_bytes,D-R,tokens,HASHONLY,24,10,2,BLOCKED_SPECIFICATION,,,NOT_EVALUATED
sha256,random_bytes,D-R,tokens,HASHONLY,24,100,2,BLOCKED_SPECIFICATION,,,NOT_EVALUATED
sha256,printable,G-P-BGV-L,bgv,KNOWNLENGTH,24,1,0,BLOCKED_SPECIFICATION,,,NOT_EVALUATED
sha256,printable,G-P-BGV-L,bgv,KNOWNLENGTH,24,10,0,BLOCKED_SPECIFICATION,,,NOT_EVALUATED
sha256,printable,G-P-BGV-L,bgv,KNOWNLENGTH,24,100,0,BLOCKED_SPECIFICATION,,,NOT_EVALUATED
sha256,printable,G-P-BGV-L,bgv,KNOWNLENGTH,24,1,1,BLOCKED_SPECIFICATION,,,NOT_EVALUATED
sha256,printable,G-P-BGV-L,bgv,KNOWNLENGTH,24,10,1,BLOCKED_SPECIFICATION,,,NOT_EVALUATED
sha256,printable,G-P-BGV-L,bgv,KNOWNLENGTH,24,100,1,BLOCKED_SPECIFICATION,,,NOT_EVALUATED
sha256,printable,G-P-BGV-L,bgv,KNOWNLENGTH,24,1,2,BLOCKED_SPECIFICATION,,,NOT_EVALUATED
sha256,printable,G-P-BGV-L,bgv,KNOWNLENGTH,24,10,2,BLOCKED_SPECIFICATION,,,NOT_EVALUATED
sha256,printable,G-P-BGV-L,bgv,KNOWNLENGTH,24,100,2,BLOCKED_SPECIFICATION,,,NOT_EVALUATED
sha256,printable,G-P-CG-L,cgge,KNOWNLENGTH,24,1,0,BLOCKED_SPECIFICATION,,,NOT_EVALUATED
sha256,printable,G-P-CG-L,cgge,KNOWNLENGTH,24,10,0,BLOCKED_SPECIFICATION,,,NOT_EVALUATED
sha256,printable,G-P-CG-L,cgge,KNOWNLENGTH,24,100,0,BLOCKED_SPECIFICATION,,,NOT_EVALUATED
sha256,printable,G-P-CG-L,cgge,KNOWNLENGTH,24,1,1,BLOCKED_SPECIFICATION,,,NOT_EVALUATED
sha256,printable,G-P-CG-L,cgge,KNOWNLENGTH,24,10,1,BLOCKED_SPECIFICATION,,,NOT_EVALUATED
sha256,printable,G-P-CG-L,cgge,KNOWNLENGTH,24,100,1,BLOCKED_SPECIFICATION,,,NOT_EVALUATED
sha256,printable,G-P-CG-L,cgge,KNOWNLENGTH,24,1,2,BLOCKED_SPECIFICATION,,,NOT_EVALUATED
sha256,printable,G-P-CG-L,cgge,KNOWNLENGTH,24,10,2,BLOCKED_SPECIFICATION,,,NOT_EVALUATED
sha256,printable,G-P-CG-L,cgge,KNOWNLENGTH,24,100,2,BLOCKED_SPECIFICATION,,,NOT_EVALUATED
sha256,random_bytes,G-R-BGV-L,bgv,KNOWNLENGTH,24,1,0,BLOCKED_SPECIFICATION,,,NOT_EVALUATED
sha256,random_bytes,G-R-BGV-L,bgv,KNOWNLENGTH,24,10,0,BLOCKED_SPECIFICATION,,,NOT_EVALUATED
sha256,random_bytes,G-R-BGV-L,bgv,KNOWNLENGTH,24,100,0,BLOCKED_SPECIFICATION,,,NOT_EVALUATED
sha256,random_bytes,G-R-BGV-L,bgv,KNOWNLENGTH,24,1,1,BLOCKED_SPECIFICATION,,,NOT_EVALUATED
sha256,random_bytes,G-R-BGV-L,bgv,KNOWNLENGTH,24,10,1,BLOCKED_SPECIFICATION,,,NOT_EVALUATED
sha256,random_bytes,G-R-BGV-L,bgv,KNOWNLENGTH,24,100,1,BLOCKED_SPECIFICATION,,,NOT_EVALUATED
sha256,random_bytes,G-R-BGV-L,bgv,KNOWNLENGTH,24,1,2,BLOCKED_SPECIFICATION,,,NOT_EVALUATED
sha256,random_bytes,G-R-BGV-L,bgv,KNOWNLENGTH,24,10,2,BLOCKED_SPECIFICATION,,,NOT_EVALUATED
sha256,random_bytes,G-R-BGV-L,bgv,KNOWNLENGTH,24,100,2,BLOCKED_SPECIFICATION,,,NOT_EVALUATED
sha256,printable,D-P-L,tokens,KNOWNLENGTH,24,1,0,BLOCKED_SPECIFICATION,,,NOT_EVALUATED
sha256,printable,D-P-L,tokens,KNOWNLENGTH,24,10,0,BLOCKED_SPECIFICATION,,,NOT_EVALUATED
sha256,printable,D-P-L,tokens,KNOWNLENGTH,24,100,0,BLOCKED_SPECIFICATION,,,NOT_EVALUATED
sha256,printable,D-P-L,tokens,KNOWNLENGTH,24,1,1,BLOCKED_SPECIFICATION,,,NOT_EVALUATED
sha256,printable,D-P-L,tokens,KNOWNLENGTH,24,10,1,BLOCKED_SPECIFICATION,,,NOT_EVALUATED
sha256,printable,D-P-L,tokens,KNOWNLENGTH,24,100,1,BLOCKED_SPECIFICATION,,,NOT_EVALUATED
sha256,printable,D-P-L,tokens,KNOWNLENGTH,24,1,2,BLOCKED_SPECIFICATION,,,NOT_EVALUATED
sha256,printable,D-P-L,tokens,KNOWNLENGTH,24,10,2,BLOCKED_SPECIFICATION,,,NOT_EVALUATED
sha256,printable,D-P-L,tokens,KNOWNLENGTH,24,100,2,BLOCKED_SPECIFICATION,,,NOT_EVALUATED
sha256,random_bytes,D-R-L,tokens,KNOWNLENGTH,24,1,0,BLOCKED_SPECIFICATION,,,NOT_EVALUATED
sha256,random_bytes,D-R-L,tokens,KNOWNLENGTH,24,10,0,BLOCKED_SPECIFICATION,,,NOT_EVALUATED
sha256,random_bytes,D-R-L,tokens,KNOWNLENGTH,24,100,0,BLOCKED_SPECIFICATION,,,NOT_EVALUATED
sha256,random_bytes,D-R-L,tokens,KNOWNLENGTH,24,1,1,BLOCKED_SPECIFICATION,,,NOT_EVALUATED
sha256,random_bytes,D-R-L,tokens,KNOWNLENGTH,24,10,1,BLOCKED_SPECIFICATION,,,NOT_EVALUATED
sha256,random_bytes,D-R-L,tokens,KNOWNLENGTH,24,100,1,BLOCKED_SPECIFICATION,,,NOT_EVALUATED
sha256,random_bytes,D-R-L,tokens,KNOWNLENGTH,24,1,2,BLOCKED_SPECIFICATION,,,NOT_EVALUATED
sha256,random_bytes,D-R-L,tokens,KNOWNLENGTH,24,10,2,BLOCKED_SPECIFICATION,,,NOT_EVALUATED
sha256,random_bytes,D-R-L,tokens,KNOWNLENGTH,24,100,2,BLOCKED_SPECIFICATION,,,NOT_EVALUATED
sha256,printable,G-P-BGV,bgv,HASHONLY,32,1,0,BLOCKED_SPECIFICATION,,,NOT_EVALUATED
sha256,printable,G-P-BGV,bgv,HASHONLY,32,10,0,BLOCKED_SPECIFICATION,,,NOT_EVALUATED
sha256,printable,G-P-BGV,bgv,HASHONLY,32,100,0,BLOCKED_SPECIFICATION,,,NOT_EVALUATED
sha256,printable,G-P-BGV,bgv,HASHONLY,32,1,1,BLOCKED_SPECIFICATION,,,NOT_EVALUATED
sha256,printable,G-P-BGV,bgv,HASHONLY,32,10,1,BLOCKED_SPECIFICATION,,,NOT_EVALUATED
sha256,printable,G-P-BGV,bgv,HASHONLY,32,100,1,BLOCKED_SPECIFICATION,,,NOT_EVALUATED
sha256,printable,G-P-BGV,bgv,HASHONLY,32,1,2,BLOCKED_SPECIFICATION,,,NOT_EVALUATED
sha256,printable,G-P-BGV,bgv,HASHONLY,32,10,2,BLOCKED_SPECIFICATION,,,NOT_EVALUATED
sha256,printable,G-P-BGV,bgv,HASHONLY,32,100,2,BLOCKED_SPECIFICATION,,,NOT_EVALUATED
sha256,printable,G-P-CG,cgge,HASHONLY,32,1,0,BLOCKED_SPECIFICATION,,,NOT_EVALUATED
sha256,printable,G-P-CG,cgge,HASHONLY,32,10,0,BLOCKED_SPECIFICATION,,,NOT_EVALUATED
sha256,printable,G-P-CG,cgge,HASHONLY,32,100,0,BLOCKED_SPECIFICATION,,,NOT_EVALUATED
sha256,printable,G-P-CG,cgge,HASHONLY,32,1,1,BLOCKED_SPECIFICATION,,,NOT_EVALUATED
sha256,printable,G-P-CG,cgge,HASHONLY,32,10,1,BLOCKED_SPECIFICATION,,,NOT_EVALUATED
sha256,printable,G-P-CG,cgge,HASHONLY,32,100,1,BLOCKED_SPECIFICATION,,,NOT_EVALUATED
sha256,printable,G-P-CG,cgge,HASHONLY,32,1,2,BLOCKED_SPECIFICATION,,,NOT_EVALUATED
sha256,printable,G-P-CG,cgge,HASHONLY,32,10,2,BLOCKED_SPECIFICATION,,,NOT_EVALUATED
sha256,printable,G-P-CG,cgge,HASHONLY,32,100,2,BLOCKED_SPECIFICATION,,,NOT_EVALUATED
sha256,random_bytes,G-R-BGV,bgv,HASHONLY,32,1,0,BLOCKED_SPECIFICATION,,,NOT_EVALUATED
sha256,random_bytes,G-R-BGV,bgv,HASHONLY,32,10,0,BLOCKED_SPECIFICATION,,,NOT_EVALUATED
sha256,random_bytes,G-R-BGV,bgv,HASHONLY,32,100,0,BLOCKED_SPECIFICATION,,,NOT_EVALUATED
sha256,random_bytes,G-R-BGV,bgv,HASHONLY,32,1,1,BLOCKED_SPECIFICATION,,,NOT_EVALUATED
sha256,random_bytes,G-R-BGV,bgv,HASHONLY,32,10,1,BLOCKED_SPECIFICATION,,,NOT_EVALUATED
sha256,random_bytes,G-R-BGV,bgv,HASHONLY,32,100,1,BLOCKED_SPECIFICATION,,,NOT_EVALUATED
sha256,random_bytes,G-R-BGV,bgv,HASHONLY,32,1,2,BLOCKED_SPECIFICATION,,,NOT_EVALUATED
sha256,random_bytes,G-R-BGV,bgv,HASHONLY,32,10,2,BLOCKED_SPECIFICATION,,,NOT_EVALUATED
sha256,random_bytes,G-R-BGV,bgv,HASHONLY,32,100,2,BLOCKED_SPECIFICATION,,,NOT_EVALUATED
sha256,printable,D-P,tokens,HASHONLY,32,1,0,BLOCKED_SPECIFICATION,,,NOT_EVALUATED
sha256,printable,D-P,tokens,HASHONLY,32,10,0,BLOCKED_SPECIFICATION,,,NOT_EVALUATED
sha256,printable,D-P,tokens,HASHONLY,32,100,0,BLOCKED_SPECIFICATION,,,NOT_EVALUATED
sha256,printable,D-P,tokens,HASHONLY,32,1,1,BLOCKED_SPECIFICATION,,,NOT_EVALUATED
sha256,printable,D-P,tokens,HASHONLY,32,10,1,BLOCKED_SPECIFICATION,,,NOT_EVALUATED
sha256,printable,D-P,tokens,HASHONLY,32,100,1,BLOCKED_SPECIFICATION,,,NOT_EVALUATED
sha256,printable,D-P,tokens,HASHONLY,32,1,2,BLOCKED_SPECIFICATION,,,NOT_EVALUATED
sha256,printable,D-P,tokens,HASHONLY,32,10,2,BLOCKED_SPECIFICATION,,,NOT_EVALUATED
sha256,printable,D-P,tokens,HASHONLY,32,100,2,BLOCKED_SPECIFICATION,,,NOT_EVALUATED
sha256,random_bytes,D-R,tokens,HASHONLY,32,1,0,BLOCKED_SPECIFICATION,,,NOT_EVALUATED
sha256,random_bytes,D-R,tokens,HASHONLY,32,10,0,BLOCKED_SPECIFICATION,,,NOT_EVALUATED
sha256,random_bytes,D-R,tokens,HASHONLY,32,100,0,BLOCKED_SPECIFICATION,,,NOT_EVALUATED
sha256,random_bytes,D-R,tokens,HASHONLY,32,1,1,BLOCKED_SPECIFICATION,,,NOT_EVALUATED
sha256,random_bytes,D-R,tokens,HASHONLY,32,10,1,BLOCKED_SPECIFICATION,,,NOT_EVALUATED
sha256,random_bytes,D-R,tokens,HASHONLY,32,100,1,BLOCKED_SPECIFICATION,,,NOT_EVALUATED
sha256,random_bytes,D-R,tokens,HASHONLY,32,1,2,BLOCKED_SPECIFICATION,,,NOT_EVALUATED
sha256,random_bytes,D-R,tokens,HASHONLY,32,10,2,BLOCKED_SPECIFICATION,,,NOT_EVALUATED
sha256,random_bytes,D-R,tokens,HASHONLY,32,100,2,BLOCKED_SPECIFICATION,,,NOT_EVALUATED
sha256,printable,G-P-BGV-L,bgv,KNOWNLENGTH,32,1,0,BLOCKED_SPECIFICATION,,,NOT_EVALUATED
sha256,printable,G-P-BGV-L,bgv,KNOWNLENGTH,32,10,0,BLOCKED_SPECIFICATION,,,NOT_EVALUATED
sha256,printable,G-P-BGV-L,bgv,KNOWNLENGTH,32,100,0,BLOCKED_SPECIFICATION,,,NOT_EVALUATED
sha256,printable,G-P-BGV-L,bgv,KNOWNLENGTH,32,1,1,BLOCKED_SPECIFICATION,,,NOT_EVALUATED
sha256,printable,G-P-BGV-L,bgv,KNOWNLENGTH,32,10,1,BLOCKED_SPECIFICATION,,,NOT_EVALUATED
sha256,printable,G-P-BGV-L,bgv,KNOWNLENGTH,32,100,1,BLOCKED_SPECIFICATION,,,NOT_EVALUATED
sha256,printable,G-P-BGV-L,bgv,KNOWNLENGTH,32,1,2,BLOCKED_SPECIFICATION,,,NOT_EVALUATED
sha256,printable,G-P-BGV-L,bgv,KNOWNLENGTH,32,10,2,BLOCKED_SPECIFICATION,,,NOT_EVALUATED
sha256,printable,G-P-BGV-L,bgv,KNOWNLENGTH,32,100,2,BLOCKED_SPECIFICATION,,,NOT_EVALUATED
sha256,printable,G-P-CG-L,cgge,KNOWNLENGTH,32,1,0,BLOCKED_SPECIFICATION,,,NOT_EVALUATED
sha256,printable,G-P-CG-L,cgge,KNOWNLENGTH,32,10,0,BLOCKED_SPECIFICATION,,,NOT_EVALUATED
sha256,printable,G-P-CG-L,cgge,KNOWNLENGTH,32,100,0,BLOCKED_SPECIFICATION,,,NOT_EVALUATED
sha256,printable,G-P-CG-L,cgge,KNOWNLENGTH,32,1,1,BLOCKED_SPECIFICATION,,,NOT_EVALUATED
sha256,printable,G-P-CG-L,cgge,KNOWNLENGTH,32,10,1,BLOCKED_SPECIFICATION,,,NOT_EVALUATED
sha256,printable,G-P-CG-L,cgge,KNOWNLENGTH,32,100,1,BLOCKED_SPECIFICATION,,,NOT_EVALUATED
sha256,printable,G-P-CG-L,cgge,KNOWNLENGTH,32,1,2,BLOCKED_SPECIFICATION,,,NOT_EVALUATED
sha256,printable,G-P-CG-L,cgge,KNOWNLENGTH,32,10,2,BLOCKED_SPECIFICATION,,,NOT_EVALUATED
sha256,printable,G-P-CG-L,cgge,KNOWNLENGTH,32,100,2,BLOCKED_SPECIFICATION,,,NOT_EVALUATED
sha256,random_bytes,G-R-BGV-L,bgv,KNOWNLENGTH,32,1,0,BLOCKED_SPECIFICATION,,,NOT_EVALUATED
sha256,random_bytes,G-R-BGV-L,bgv,KNOWNLENGTH,32,10,0,BLOCKED_SPECIFICATION,,,NOT_EVALUATED
sha256,random_bytes,G-R-BGV-L,bgv,KNOWNLENGTH,32,100,0,BLOCKED_SPECIFICATION,,,NOT_EVALUATED
sha256,random_bytes,G-R-BGV-L,bgv,KNOWNLENGTH,32,1,1,BLOCKED_SPECIFICATION,,,NOT_EVALUATED
sha256,random_bytes,G-R-BGV-L,bgv,KNOWNLENGTH,32,10,1,BLOCKED_SPECIFICATION,,,NOT_EVALUATED
sha256,random_bytes,G-R-BGV-L,bgv,KNOWNLENGTH,32,100,1,BLOCKED_SPECIFICATION,,,NOT_EVALUATED
sha256,random_bytes,G-R-BGV-L,bgv,KNOWNLENGTH,32,1,2,BLOCKED_SPECIFICATION,,,NOT_EVALUATED
sha256,random_bytes,G-R-BGV-L,bgv,KNOWNLENGTH,32,10,2,BLOCKED_SPECIFICATION,,,NOT_EVALUATED
sha256,random_bytes,G-R-BGV-L,bgv,KNOWNLENGTH,32,100,2,BLOCKED_SPECIFICATION,,,NOT_EVALUATED
sha256,printable,D-P-L,tokens,KNOWNLENGTH,32,1,0,BLOCKED_SPECIFICATION,,,NOT_EVALUATED
sha256,printable,D-P-L,tokens,KNOWNLENGTH,32,10,0,BLOCKED_SPECIFICATION,,,NOT_EVALUATED
sha256,printable,D-P-L,tokens,KNOWNLENGTH,32,100,0,BLOCKED_SPECIFICATION,,,NOT_EVALUATED
sha256,printable,D-P-L,tokens,KNOWNLENGTH,32,1,1,BLOCKED_SPECIFICATION,,,NOT_EVALUATED
sha256,printable,D-P-L,tokens,KNOWNLENGTH,32,10,1,BLOCKED_SPECIFICATION,,,NOT_EVALUATED
sha256,printable,D-P-L,tokens,KNOWNLENGTH,32,100,1,BLOCKED_SPECIFICATION,,,NOT_EVALUATED
sha256,printable,D-P-L,tokens,KNOWNLENGTH,32,1,2,BLOCKED_SPECIFICATION,,,NOT_EVALUATED
sha256,printable,D-P-L,tokens,KNOWNLENGTH,32,10,2,BLOCKED_SPECIFICATION,,,NOT_EVALUATED
sha256,printable,D-P-L,tokens,KNOWNLENGTH,32,100,2,BLOCKED_SPECIFICATION,,,NOT_EVALUATED
sha256,random_bytes,D-R-L,tokens,KNOWNLENGTH,32,1,0,BLOCKED_SPECIFICATION,,,NOT_EVALUATED
sha256,random_bytes,D-R-L,tokens,KNOWNLENGTH,32,10,0,BLOCKED_SPECIFICATION,,,NOT_EVALUATED
sha256,random_bytes,D-R-L,tokens,KNOWNLENGTH,32,100,0,BLOCKED_SPECIFICATION,,,NOT_EVALUATED
sha256,random_bytes,D-R-L,tokens,KNOWNLENGTH,32,1,1,BLOCKED_SPECIFICATION,,,NOT_EVALUATED
sha256,random_bytes,D-R-L,tokens,KNOWNLENGTH,32,10,1,BLOCKED_SPECIFICATION,,,NOT_EVALUATED
sha256,random_bytes,D-R-L,tokens,KNOWNLENGTH,32,100,1,BLOCKED_SPECIFICATION,,,NOT_EVALUATED
sha256,random_bytes,D-R-L,tokens,KNOWNLENGTH,32,1,2,BLOCKED_SPECIFICATION,,,NOT_EVALUATED
sha256,random_bytes,D-R-L,tokens,KNOWNLENGTH,32,10,2,BLOCKED_SPECIFICATION,,,NOT_EVALUATED
sha256,random_bytes,D-R-L,tokens,KNOWNLENGTH,32,100,2,BLOCKED_SPECIFICATION,,,NOT_EVALUATED
sha256,printable,G-P-BGV,bgv,HASHONLY,64,1,0,BLOCKED_SPECIFICATION,,,NOT_EVALUATED
sha256,printable,G-P-BGV,bgv,HASHONLY,64,10,0,BLOCKED_SPECIFICATION,,,NOT_EVALUATED
sha256,printable,G-P-BGV,bgv,HASHONLY,64,100,0,BLOCKED_SPECIFICATION,,,NOT_EVALUATED
sha256,printable,G-P-BGV,bgv,HASHONLY,64,1,1,BLOCKED_SPECIFICATION,,,NOT_EVALUATED
sha256,printable,G-P-BGV,bgv,HASHONLY,64,10,1,BLOCKED_SPECIFICATION,,,NOT_EVALUATED
sha256,printable,G-P-BGV,bgv,HASHONLY,64,100,1,BLOCKED_SPECIFICATION,,,NOT_EVALUATED
sha256,printable,G-P-BGV,bgv,HASHONLY,64,1,2,BLOCKED_SPECIFICATION,,,NOT_EVALUATED
sha256,printable,G-P-BGV,bgv,HASHONLY,64,10,2,BLOCKED_SPECIFICATION,,,NOT_EVALUATED
sha256,printable,G-P-BGV,bgv,HASHONLY,64,100,2,BLOCKED_SPECIFICATION,,,NOT_EVALUATED
sha256,printable,G-P-CG,cgge,HASHONLY,64,1,0,BLOCKED_SPECIFICATION,,,NOT_EVALUATED
sha256,printable,G-P-CG,cgge,HASHONLY,64,10,0,BLOCKED_SPECIFICATION,,,NOT_EVALUATED
sha256,printable,G-P-CG,cgge,HASHONLY,64,100,0,BLOCKED_SPECIFICATION,,,NOT_EVALUATED
sha256,printable,G-P-CG,cgge,HASHONLY,64,1,1,BLOCKED_SPECIFICATION,,,NOT_EVALUATED
sha256,printable,G-P-CG,cgge,HASHONLY,64,10,1,BLOCKED_SPECIFICATION,,,NOT_EVALUATED
sha256,printable,G-P-CG,cgge,HASHONLY,64,100,1,BLOCKED_SPECIFICATION,,,NOT_EVALUATED
sha256,printable,G-P-CG,cgge,HASHONLY,64,1,2,BLOCKED_SPECIFICATION,,,NOT_EVALUATED
sha256,printable,G-P-CG,cgge,HASHONLY,64,10,2,BLOCKED_SPECIFICATION,,,NOT_EVALUATED
sha256,printable,G-P-CG,cgge,HASHONLY,64,100,2,BLOCKED_SPECIFICATION,,,NOT_EVALUATED
sha256,random_bytes,G-R-BGV,bgv,HASHONLY,64,1,0,BLOCKED_SPECIFICATION,,,NOT_EVALUATED
sha256,random_bytes,G-R-BGV,bgv,HASHONLY,64,10,0,BLOCKED_SPECIFICATION,,,NOT_EVALUATED
sha256,random_bytes,G-R-BGV,bgv,HASHONLY,64,100,0,BLOCKED_SPECIFICATION,,,NOT_EVALUATED
sha256,random_bytes,G-R-BGV,bgv,HASHONLY,64,1,1,BLOCKED_SPECIFICATION,,,NOT_EVALUATED
sha256,random_bytes,G-R-BGV,bgv,HASHONLY,64,10,1,BLOCKED_SPECIFICATION,,,NOT_EVALUATED
sha256,random_bytes,G-R-BGV,bgv,HASHONLY,64,100,1,BLOCKED_SPECIFICATION,,,NOT_EVALUATED
sha256,random_bytes,G-R-BGV,bgv,HASHONLY,64,1,2,BLOCKED_SPECIFICATION,,,NOT_EVALUATED
sha256,random_bytes,G-R-BGV,bgv,HASHONLY,64,10,2,BLOCKED_SPECIFICATION,,,NOT_EVALUATED
sha256,random_bytes,G-R-BGV,bgv,HASHONLY,64,100,2,BLOCKED_SPECIFICATION,,,NOT_EVALUATED
sha256,printable,D-P,tokens,HASHONLY,64,1,0,BLOCKED_SPECIFICATION,,,NOT_EVALUATED
sha256,printable,D-P,tokens,HASHONLY,64,10,0,BLOCKED_SPECIFICATION,,,NOT_EVALUATED
sha256,printable,D-P,tokens,HASHONLY,64,100,0,BLOCKED_SPECIFICATION,,,NOT_EVALUATED
sha256,printable,D-P,tokens,HASHONLY,64,1,1,BLOCKED_SPECIFICATION,,,NOT_EVALUATED
sha256,printable,D-P,tokens,HASHONLY,64,10,1,BLOCKED_SPECIFICATION,,,NOT_EVALUATED
sha256,printable,D-P,tokens,HASHONLY,64,100,1,BLOCKED_SPECIFICATION,,,NOT_EVALUATED
sha256,printable,D-P,tokens,HASHONLY,64,1,2,BLOCKED_SPECIFICATION,,,NOT_EVALUATED
sha256,printable,D-P,tokens,HASHONLY,64,10,2,BLOCKED_SPECIFICATION,,,NOT_EVALUATED
sha256,printable,D-P,tokens,HASHONLY,64,100,2,BLOCKED_SPECIFICATION,,,NOT_EVALUATED
sha256,random_bytes,D-R,tokens,HASHONLY,64,1,0,BLOCKED_SPECIFICATION,,,NOT_EVALUATED
sha256,random_bytes,D-R,tokens,HASHONLY,64,10,0,BLOCKED_SPECIFICATION,,,NOT_EVALUATED
sha256,random_bytes,D-R,tokens,HASHONLY,64,100,0,BLOCKED_SPECIFICATION,,,NOT_EVALUATED
sha256,random_bytes,D-R,tokens,HASHONLY,64,1,1,BLOCKED_SPECIFICATION,,,NOT_EVALUATED
sha256,random_bytes,D-R,tokens,HASHONLY,64,10,1,BLOCKED_SPECIFICATION,,,NOT_EVALUATED
sha256,random_bytes,D-R,tokens,HASHONLY,64,100,1,BLOCKED_SPECIFICATION,,,NOT_EVALUATED
sha256,random_bytes,D-R,tokens,HASHONLY,64,1,2,BLOCKED_SPECIFICATION,,,NOT_EVALUATED
sha256,random_bytes,D-R,tokens,HASHONLY,64,10,2,BLOCKED_SPECIFICATION,,,NOT_EVALUATED
sha256,random_bytes,D-R,tokens,HASHONLY,64,100,2,BLOCKED_SPECIFICATION,,,NOT_EVALUATED
sha256,printable,G-P-BGV-L,bgv,KNOWNLENGTH,64,1,0,BLOCKED_SPECIFICATION,,,NOT_EVALUATED
sha256,printable,G-P-BGV-L,bgv,KNOWNLENGTH,64,10,0,BLOCKED_SPECIFICATION,,,NOT_EVALUATED
sha256,printable,G-P-BGV-L,bgv,KNOWNLENGTH,64,100,0,BLOCKED_SPECIFICATION,,,NOT_EVALUATED
sha256,printable,G-P-BGV-L,bgv,KNOWNLENGTH,64,1,1,BLOCKED_SPECIFICATION,,,NOT_EVALUATED
sha256,printable,G-P-BGV-L,bgv,KNOWNLENGTH,64,10,1,BLOCKED_SPECIFICATION,,,NOT_EVALUATED
sha256,printable,G-P-BGV-L,bgv,KNOWNLENGTH,64,100,1,BLOCKED_SPECIFICATION,,,NOT_EVALUATED
sha256,printable,G-P-BGV-L,bgv,KNOWNLENGTH,64,1,2,BLOCKED_SPECIFICATION,,,NOT_EVALUATED
sha256,printable,G-P-BGV-L,bgv,KNOWNLENGTH,64,10,2,BLOCKED_SPECIFICATION,,,NOT_EVALUATED
sha256,printable,G-P-BGV-L,bgv,KNOWNLENGTH,64,100,2,BLOCKED_SPECIFICATION,,,NOT_EVALUATED
sha256,printable,G-P-CG-L,cgge,KNOWNLENGTH,64,1,0,BLOCKED_SPECIFICATION,,,NOT_EVALUATED
sha256,printable,G-P-CG-L,cgge,KNOWNLENGTH,64,10,0,BLOCKED_SPECIFICATION,,,NOT_EVALUATED
sha256,printable,G-P-CG-L,cgge,KNOWNLENGTH,64,100,0,BLOCKED_SPECIFICATION,,,NOT_EVALUATED
sha256,printable,G-P-CG-L,cgge,KNOWNLENGTH,64,1,1,BLOCKED_SPECIFICATION,,,NOT_EVALUATED
sha256,printable,G-P-CG-L,cgge,KNOWNLENGTH,64,10,1,BLOCKED_SPECIFICATION,,,NOT_EVALUATED
sha256,printable,G-P-CG-L,cgge,KNOWNLENGTH,64,100,1,BLOCKED_SPECIFICATION,,,NOT_EVALUATED
sha256,printable,G-P-CG-L,cgge,KNOWNLENGTH,64,1,2,BLOCKED_SPECIFICATION,,,NOT_EVALUATED
sha256,printable,G-P-CG-L,cgge,KNOWNLENGTH,64,10,2,BLOCKED_SPECIFICATION,,,NOT_EVALUATED
sha256,printable,G-P-CG-L,cgge,KNOWNLENGTH,64,100,2,BLOCKED_SPECIFICATION,,,NOT_EVALUATED
sha256,random_bytes,G-R-BGV-L,bgv,KNOWNLENGTH,64,1,0,BLOCKED_SPECIFICATION,,,NOT_EVALUATED
sha256,random_bytes,G-R-BGV-L,bgv,KNOWNLENGTH,64,10,0,BLOCKED_SPECIFICATION,,,NOT_EVALUATED
sha256,random_bytes,G-R-BGV-L,bgv,KNOWNLENGTH,64,100,0,BLOCKED_SPECIFICATION,,,NOT_EVALUATED
sha256,random_bytes,G-R-BGV-L,bgv,KNOWNLENGTH,64,1,1,BLOCKED_SPECIFICATION,,,NOT_EVALUATED
sha256,random_bytes,G-R-BGV-L,bgv,KNOWNLENGTH,64,10,1,BLOCKED_SPECIFICATION,,,NOT_EVALUATED
sha256,random_bytes,G-R-BGV-L,bgv,KNOWNLENGTH,64,100,1,BLOCKED_SPECIFICATION,,,NOT_EVALUATED
sha256,random_bytes,G-R-BGV-L,bgv,KNOWNLENGTH,64,1,2,BLOCKED_SPECIFICATION,,,NOT_EVALUATED
sha256,random_bytes,G-R-BGV-L,bgv,KNOWNLENGTH,64,10,2,BLOCKED_SPECIFICATION,,,NOT_EVALUATED
sha256,random_bytes,G-R-BGV-L,bgv,KNOWNLENGTH,64,100,2,BLOCKED_SPECIFICATION,,,NOT_EVALUATED
sha256,printable,D-P-L,tokens,KNOWNLENGTH,64,1,0,BLOCKED_SPECIFICATION,,,NOT_EVALUATED
sha256,printable,D-P-L,tokens,KNOWNLENGTH,64,10,0,BLOCKED_SPECIFICATION,,,NOT_EVALUATED
sha256,printable,D-P-L,tokens,KNOWNLENGTH,64,100,0,BLOCKED_SPECIFICATION,,,NOT_EVALUATED
sha256,printable,D-P-L,tokens,KNOWNLENGTH,64,1,1,BLOCKED_SPECIFICATION,,,NOT_EVALUATED
sha256,printable,D-P-L,tokens,KNOWNLENGTH,64,10,1,BLOCKED_SPECIFICATION,,,NOT_EVALUATED
sha256,printable,D-P-L,tokens,KNOWNLENGTH,64,100,1,BLOCKED_SPECIFICATION,,,NOT_EVALUATED
sha256,printable,D-P-L,tokens,KNOWNLENGTH,64,1,2,BLOCKED_SPECIFICATION,,,NOT_EVALUATED
sha256,printable,D-P-L,tokens,KNOWNLENGTH,64,10,2,BLOCKED_SPECIFICATION,,,NOT_EVALUATED
sha256,printable,D-P-L,tokens,KNOWNLENGTH,64,100,2,BLOCKED_SPECIFICATION,,,NOT_EVALUATED
sha256,random_bytes,D-R-L,tokens,KNOWNLENGTH,64,1,0,BLOCKED_SPECIFICATION,,,NOT_EVALUATED
sha256,random_bytes,D-R-L,tokens,KNOWNLENGTH,64,10,0,BLOCKED_SPECIFICATION,,,NOT_EVALUATED
sha256,random_bytes,D-R-L,tokens,KNOWNLENGTH,64,100,0,BLOCKED_SPECIFICATION,,,NOT_EVALUATED
sha256,random_bytes,D-R-L,tokens,KNOWNLENGTH,64,1,1,BLOCKED_SPECIFICATION,,,NOT_EVALUATED
sha256,random_bytes,D-R-L,tokens,KNOWNLENGTH,64,10,1,BLOCKED_SPECIFICATION,,,NOT_EVALUATED
sha256,random_bytes,D-R-L,tokens,KNOWNLENGTH,64,100,1,BLOCKED_SPECIFICATION,,,NOT_EVALUATED
sha256,random_bytes,D-R-L,tokens,KNOWNLENGTH,64,1,2,BLOCKED_SPECIFICATION,,,NOT_EVALUATED
sha256,random_bytes,D-R-L,tokens,KNOWNLENGTH,64,10,2,BLOCKED_SPECIFICATION,,,NOT_EVALUATED
sha256,random_bytes,D-R-L,tokens,KNOWNLENGTH,64,100,2,BLOCKED_SPECIFICATION,,,NOT_EVALUATED
sha256,printable,G-P-BGV,bgv,HASHONLY,128,1,0,BLOCKED_SPECIFICATION,,,NOT_EVALUATED
sha256,printable,G-P-BGV,bgv,HASHONLY,128,10,0,BLOCKED_SPECIFICATION,,,NOT_EVALUATED
sha256,printable,G-P-BGV,bgv,HASHONLY,128,100,0,BLOCKED_SPECIFICATION,,,NOT_EVALUATED
sha256,printable,G-P-BGV,bgv,HASHONLY,128,1,1,BLOCKED_SPECIFICATION,,,NOT_EVALUATED
sha256,printable,G-P-BGV,bgv,HASHONLY,128,10,1,BLOCKED_SPECIFICATION,,,NOT_EVALUATED
sha256,printable,G-P-BGV,bgv,HASHONLY,128,100,1,BLOCKED_SPECIFICATION,,,NOT_EVALUATED
sha256,printable,G-P-BGV,bgv,HASHONLY,128,1,2,BLOCKED_SPECIFICATION,,,NOT_EVALUATED
sha256,printable,G-P-BGV,bgv,HASHONLY,128,10,2,BLOCKED_SPECIFICATION,,,NOT_EVALUATED
sha256,printable,G-P-BGV,bgv,HASHONLY,128,100,2,BLOCKED_SPECIFICATION,,,NOT_EVALUATED
sha256,printable,G-P-CG,cgge,HASHONLY,128,1,0,BLOCKED_SPECIFICATION,,,NOT_EVALUATED
sha256,printable,G-P-CG,cgge,HASHONLY,128,10,0,BLOCKED_SPECIFICATION,,,NOT_EVALUATED
sha256,printable,G-P-CG,cgge,HASHONLY,128,100,0,BLOCKED_SPECIFICATION,,,NOT_EVALUATED
sha256,printable,G-P-CG,cgge,HASHONLY,128,1,1,BLOCKED_SPECIFICATION,,,NOT_EVALUATED
sha256,printable,G-P-CG,cgge,HASHONLY,128,10,1,BLOCKED_SPECIFICATION,,,NOT_EVALUATED
sha256,printable,G-P-CG,cgge,HASHONLY,128,100,1,BLOCKED_SPECIFICATION,,,NOT_EVALUATED
sha256,printable,G-P-CG,cgge,HASHONLY,128,1,2,BLOCKED_SPECIFICATION,,,NOT_EVALUATED
sha256,printable,G-P-CG,cgge,HASHONLY,128,10,2,BLOCKED_SPECIFICATION,,,NOT_EVALUATED
sha256,printable,G-P-CG,cgge,HASHONLY,128,100,2,BLOCKED_SPECIFICATION,,,NOT_EVALUATED
sha256,random_bytes,G-R-BGV,bgv,HASHONLY,128,1,0,BLOCKED_SPECIFICATION,,,NOT_EVALUATED
sha256,random_bytes,G-R-BGV,bgv,HASHONLY,128,10,0,BLOCKED_SPECIFICATION,,,NOT_EVALUATED
sha256,random_bytes,G-R-BGV,bgv,HASHONLY,128,100,0,BLOCKED_SPECIFICATION,,,NOT_EVALUATED
sha256,random_bytes,G-R-BGV,bgv,HASHONLY,128,1,1,BLOCKED_SPECIFICATION,,,NOT_EVALUATED
sha256,random_bytes,G-R-BGV,bgv,HASHONLY,128,10,1,BLOCKED_SPECIFICATION,,,NOT_EVALUATED
sha256,random_bytes,G-R-BGV,bgv,HASHONLY,128,100,1,BLOCKED_SPECIFICATION,,,NOT_EVALUATED
sha256,random_bytes,G-R-BGV,bgv,HASHONLY,128,1,2,BLOCKED_SPECIFICATION,,,NOT_EVALUATED
sha256,random_bytes,G-R-BGV,bgv,HASHONLY,128,10,2,BLOCKED_SPECIFICATION,,,NOT_EVALUATED
sha256,random_bytes,G-R-BGV,bgv,HASHONLY,128,100,2,BLOCKED_SPECIFICATION,,,NOT_EVALUATED
sha256,printable,D-P,tokens,HASHONLY,128,1,0,BLOCKED_SPECIFICATION,,,NOT_EVALUATED
sha256,printable,D-P,tokens,HASHONLY,128,10,0,BLOCKED_SPECIFICATION,,,NOT_EVALUATED
sha256,printable,D-P,tokens,HASHONLY,128,100,0,BLOCKED_SPECIFICATION,,,NOT_EVALUATED
sha256,printable,D-P,tokens,HASHONLY,128,1,1,BLOCKED_SPECIFICATION,,,NOT_EVALUATED
sha256,printable,D-P,tokens,HASHONLY,128,10,1,BLOCKED_SPECIFICATION,,,NOT_EVALUATED
sha256,printable,D-P,tokens,HASHONLY,128,100,1,BLOCKED_SPECIFICATION,,,NOT_EVALUATED
sha256,printable,D-P,tokens,HASHONLY,128,1,2,BLOCKED_SPECIFICATION,,,NOT_EVALUATED
sha256,printable,D-P,tokens,HASHONLY,128,10,2,BLOCKED_SPECIFICATION,,,NOT_EVALUATED
sha256,printable,D-P,tokens,HASHONLY,128,100,2,BLOCKED_SPECIFICATION,,,NOT_EVALUATED
sha256,random_bytes,D-R,tokens,HASHONLY,128,1,0,BLOCKED_SPECIFICATION,,,NOT_EVALUATED
sha256,random_bytes,D-R,tokens,HASHONLY,128,10,0,BLOCKED_SPECIFICATION,,,NOT_EVALUATED
sha256,random_bytes,D-R,tokens,HASHONLY,128,100,0,BLOCKED_SPECIFICATION,,,NOT_EVALUATED
sha256,random_bytes,D-R,tokens,HASHONLY,128,1,1,BLOCKED_SPECIFICATION,,,NOT_EVALUATED
sha256,random_bytes,D-R,tokens,HASHONLY,128,10,1,BLOCKED_SPECIFICATION,,,NOT_EVALUATED
sha256,random_bytes,D-R,tokens,HASHONLY,128,100,1,BLOCKED_SPECIFICATION,,,NOT_EVALUATED
sha256,random_bytes,D-R,tokens,HASHONLY,128,1,2,BLOCKED_SPECIFICATION,,,NOT_EVALUATED
sha256,random_bytes,D-R,tokens,HASHONLY,128,10,2,BLOCKED_SPECIFICATION,,,NOT_EVALUATED
sha256,random_bytes,D-R,tokens,HASHONLY,128,100,2,BLOCKED_SPECIFICATION,,,NOT_EVALUATED
sha256,printable,G-P-BGV-L,bgv,KNOWNLENGTH,128,1,0,BLOCKED_SPECIFICATION,,,NOT_EVALUATED
sha256,printable,G-P-BGV-L,bgv,KNOWNLENGTH,128,10,0,BLOCKED_SPECIFICATION,,,NOT_EVALUATED
sha256,printable,G-P-BGV-L,bgv,KNOWNLENGTH,128,100,0,BLOCKED_SPECIFICATION,,,NOT_EVALUATED
sha256,printable,G-P-BGV-L,bgv,KNOWNLENGTH,128,1,1,BLOCKED_SPECIFICATION,,,NOT_EVALUATED
sha256,printable,G-P-BGV-L,bgv,KNOWNLENGTH,128,10,1,BLOCKED_SPECIFICATION,,,NOT_EVALUATED
sha256,printable,G-P-BGV-L,bgv,KNOWNLENGTH,128,100,1,BLOCKED_SPECIFICATION,,,NOT_EVALUATED
sha256,printable,G-P-BGV-L,bgv,KNOWNLENGTH,128,1,2,BLOCKED_SPECIFICATION,,,NOT_EVALUATED
sha256,printable,G-P-BGV-L,bgv,KNOWNLENGTH,128,10,2,BLOCKED_SPECIFICATION,,,NOT_EVALUATED
sha256,printable,G-P-BGV-L,bgv,KNOWNLENGTH,128,100,2,BLOCKED_SPECIFICATION,,,NOT_EVALUATED
sha256,printable,G-P-CG-L,cgge,KNOWNLENGTH,128,1,0,BLOCKED_SPECIFICATION,,,NOT_EVALUATED
sha256,printable,G-P-CG-L,cgge,KNOWNLENGTH,128,10,0,BLOCKED_SPECIFICATION,,,NOT_EVALUATED
sha256,printable,G-P-CG-L,cgge,KNOWNLENGTH,128,100,0,BLOCKED_SPECIFICATION,,,NOT_EVALUATED
sha256,printable,G-P-CG-L,cgge,KNOWNLENGTH,128,1,1,BLOCKED_SPECIFICATION,,,NOT_EVALUATED
sha256,printable,G-P-CG-L,cgge,KNOWNLENGTH,128,10,1,BLOCKED_SPECIFICATION,,,NOT_EVALUATED
sha256,printable,G-P-CG-L,cgge,KNOWNLENGTH,128,100,1,BLOCKED_SPECIFICATION,,,NOT_EVALUATED
sha256,printable,G-P-CG-L,cgge,KNOWNLENGTH,128,1,2,BLOCKED_SPECIFICATION,,,NOT_EVALUATED
sha256,printable,G-P-CG-L,cgge,KNOWNLENGTH,128,10,2,BLOCKED_SPECIFICATION,,,NOT_EVALUATED
sha256,printable,G-P-CG-L,cgge,KNOWNLENGTH,128,100,2,BLOCKED_SPECIFICATION,,,NOT_EVALUATED
sha256,random_bytes,G-R-BGV-L,bgv,KNOWNLENGTH,128,1,0,BLOCKED_SPECIFICATION,,,NOT_EVALUATED
sha256,random_bytes,G-R-BGV-L,bgv,KNOWNLENGTH,128,10,0,BLOCKED_SPECIFICATION,,,NOT_EVALUATED
sha256,random_bytes,G-R-BGV-L,bgv,KNOWNLENGTH,128,100,0,BLOCKED_SPECIFICATION,,,NOT_EVALUATED
sha256,random_bytes,G-R-BGV-L,bgv,KNOWNLENGTH,128,1,1,BLOCKED_SPECIFICATION,,,NOT_EVALUATED
sha256,random_bytes,G-R-BGV-L,bgv,KNOWNLENGTH,128,10,1,BLOCKED_SPECIFICATION,,,NOT_EVALUATED
sha256,random_bytes,G-R-BGV-L,bgv,KNOWNLENGTH,128,100,1,BLOCKED_SPECIFICATION,,,NOT_EVALUATED
sha256,random_bytes,G-R-BGV-L,bgv,KNOWNLENGTH,128,1,2,BLOCKED_SPECIFICATION,,,NOT_EVALUATED
sha256,random_bytes,G-R-BGV-L,bgv,KNOWNLENGTH,128,10,2,BLOCKED_SPECIFICATION,,,NOT_EVALUATED
sha256,random_bytes,G-R-BGV-L,bgv,KNOWNLENGTH,128,100,2,BLOCKED_SPECIFICATION,,,NOT_EVALUATED
sha256,printable,D-P-L,tokens,KNOWNLENGTH,128,1,0,BLOCKED_SPECIFICATION,,,NOT_EVALUATED
sha256,printable,D-P-L,tokens,KNOWNLENGTH,128,10,0,BLOCKED_SPECIFICATION,,,NOT_EVALUATED
sha256,printable,D-P-L,tokens,KNOWNLENGTH,128,100,0,BLOCKED_SPECIFICATION,,,NOT_EVALUATED
sha256,printable,D-P-L,tokens,KNOWNLENGTH,128,1,1,BLOCKED_SPECIFICATION,,,NOT_EVALUATED
sha256,printable,D-P-L,tokens,KNOWNLENGTH,128,10,1,BLOCKED_SPECIFICATION,,,NOT_EVALUATED
sha256,printable,D-P-L,tokens,KNOWNLENGTH,128,100,1,BLOCKED_SPECIFICATION,,,NOT_EVALUATED
sha256,printable,D-P-L,tokens,KNOWNLENGTH,128,1,2,BLOCKED_SPECIFICATION,,,NOT_EVALUATED
sha256,printable,D-P-L,tokens,KNOWNLENGTH,128,10,2,BLOCKED_SPECIFICATION,,,NOT_EVALUATED
sha256,printable,D-P-L,tokens,KNOWNLENGTH,128,100,2,BLOCKED_SPECIFICATION,,,NOT_EVALUATED
sha256,random_bytes,D-R-L,tokens,KNOWNLENGTH,128,1,0,BLOCKED_SPECIFICATION,,,NOT_EVALUATED
sha256,random_bytes,D-R-L,tokens,KNOWNLENGTH,128,10,0,BLOCKED_SPECIFICATION,,,NOT_EVALUATED
sha256,random_bytes,D-R-L,tokens,KNOWNLENGTH,128,100,0,BLOCKED_SPECIFICATION,,,NOT_EVALUATED
sha256,random_bytes,D-R-L,tokens,KNOWNLENGTH,128,1,1,BLOCKED_SPECIFICATION,,,NOT_EVALUATED
sha256,random_bytes,D-R-L,tokens,KNOWNLENGTH,128,10,1,BLOCKED_SPECIFICATION,,,NOT_EVALUATED
sha256,random_bytes,D-R-L,tokens,KNOWNLENGTH,128,100,1,BLOCKED_SPECIFICATION,,,NOT_EVALUATED
sha256,random_bytes,D-R-L,tokens,KNOWNLENGTH,128,1,2,BLOCKED_SPECIFICATION,,,NOT_EVALUATED
sha256,random_bytes,D-R-L,tokens,KNOWNLENGTH,128,10,2,BLOCKED_SPECIFICATION,,,NOT_EVALUATED
sha256,random_bytes,D-R-L,tokens,KNOWNLENGTH,128,100,2,BLOCKED_SPECIFICATION,,,NOT_EVALUATED
sha256,printable,G-P-BGV,bgv,HASHONLY,256,1,0,BLOCKED_SPECIFICATION,,,NOT_EVALUATED
sha256,printable,G-P-BGV,bgv,HASHONLY,256,10,0,BLOCKED_SPECIFICATION,,,NOT_EVALUATED
sha256,printable,G-P-BGV,bgv,HASHONLY,256,100,0,BLOCKED_SPECIFICATION,,,NOT_EVALUATED
sha256,printable,G-P-BGV,bgv,HASHONLY,256,1,1,BLOCKED_SPECIFICATION,,,NOT_EVALUATED
sha256,printable,G-P-BGV,bgv,HASHONLY,256,10,1,BLOCKED_SPECIFICATION,,,NOT_EVALUATED
sha256,printable,G-P-BGV,bgv,HASHONLY,256,100,1,BLOCKED_SPECIFICATION,,,NOT_EVALUATED
sha256,printable,G-P-BGV,bgv,HASHONLY,256,1,2,BLOCKED_SPECIFICATION,,,NOT_EVALUATED
sha256,printable,G-P-BGV,bgv,HASHONLY,256,10,2,BLOCKED_SPECIFICATION,,,NOT_EVALUATED
sha256,printable,G-P-BGV,bgv,HASHONLY,256,100,2,BLOCKED_SPECIFICATION,,,NOT_EVALUATED
sha256,printable,G-P-CG,cgge,HASHONLY,256,1,0,BLOCKED_SPECIFICATION,,,NOT_EVALUATED
sha256,printable,G-P-CG,cgge,HASHONLY,256,10,0,BLOCKED_SPECIFICATION,,,NOT_EVALUATED
sha256,printable,G-P-CG,cgge,HASHONLY,256,100,0,BLOCKED_SPECIFICATION,,,NOT_EVALUATED
sha256,printable,G-P-CG,cgge,HASHONLY,256,1,1,BLOCKED_SPECIFICATION,,,NOT_EVALUATED
sha256,printable,G-P-CG,cgge,HASHONLY,256,10,1,BLOCKED_SPECIFICATION,,,NOT_EVALUATED
sha256,printable,G-P-CG,cgge,HASHONLY,256,100,1,BLOCKED_SPECIFICATION,,,NOT_EVALUATED
sha256,printable,G-P-CG,cgge,HASHONLY,256,1,2,BLOCKED_SPECIFICATION,,,NOT_EVALUATED
sha256,printable,G-P-CG,cgge,HASHONLY,256,10,2,BLOCKED_SPECIFICATION,,,NOT_EVALUATED
sha256,printable,G-P-CG,cgge,HASHONLY,256,100,2,BLOCKED_SPECIFICATION,,,NOT_EVALUATED
sha256,random_bytes,G-R-BGV,bgv,HASHONLY,256,1,0,BLOCKED_SPECIFICATION,,,NOT_EVALUATED
sha256,random_bytes,G-R-BGV,bgv,HASHONLY,256,10,0,BLOCKED_SPECIFICATION,,,NOT_EVALUATED
sha256,random_bytes,G-R-BGV,bgv,HASHONLY,256,100,0,BLOCKED_SPECIFICATION,,,NOT_EVALUATED
sha256,random_bytes,G-R-BGV,bgv,HASHONLY,256,1,1,BLOCKED_SPECIFICATION,,,NOT_EVALUATED
sha256,random_bytes,G-R-BGV,bgv,HASHONLY,256,10,1,BLOCKED_SPECIFICATION,,,NOT_EVALUATED
sha256,random_bytes,G-R-BGV,bgv,HASHONLY,256,100,1,BLOCKED_SPECIFICATION,,,NOT_EVALUATED
sha256,random_bytes,G-R-BGV,bgv,HASHONLY,256,1,2,BLOCKED_SPECIFICATION,,,NOT_EVALUATED
sha256,random_bytes,G-R-BGV,bgv,HASHONLY,256,10,2,BLOCKED_SPECIFICATION,,,NOT_EVALUATED
sha256,random_bytes,G-R-BGV,bgv,HASHONLY,256,100,2,BLOCKED_SPECIFICATION,,,NOT_EVALUATED
sha256,printable,D-P,tokens,HASHONLY,256,1,0,BLOCKED_SPECIFICATION,,,NOT_EVALUATED
sha256,printable,D-P,tokens,HASHONLY,256,10,0,BLOCKED_SPECIFICATION,,,NOT_EVALUATED
sha256,printable,D-P,tokens,HASHONLY,256,100,0,BLOCKED_SPECIFICATION,,,NOT_EVALUATED
sha256,printable,D-P,tokens,HASHONLY,256,1,1,BLOCKED_SPECIFICATION,,,NOT_EVALUATED
sha256,printable,D-P,tokens,HASHONLY,256,10,1,BLOCKED_SPECIFICATION,,,NOT_EVALUATED
sha256,printable,D-P,tokens,HASHONLY,256,100,1,BLOCKED_SPECIFICATION,,,NOT_EVALUATED
sha256,printable,D-P,tokens,HASHONLY,256,1,2,BLOCKED_SPECIFICATION,,,NOT_EVALUATED
sha256,printable,D-P,tokens,HASHONLY,256,10,2,BLOCKED_SPECIFICATION,,,NOT_EVALUATED
sha256,printable,D-P,tokens,HASHONLY,256,100,2,BLOCKED_SPECIFICATION,,,NOT_EVALUATED
sha256,random_bytes,D-R,tokens,HASHONLY,256,1,0,BLOCKED_SPECIFICATION,,,NOT_EVALUATED
sha256,random_bytes,D-R,tokens,HASHONLY,256,10,0,BLOCKED_SPECIFICATION,,,NOT_EVALUATED
sha256,random_bytes,D-R,tokens,HASHONLY,256,100,0,BLOCKED_SPECIFICATION,,,NOT_EVALUATED
sha256,random_bytes,D-R,tokens,HASHONLY,256,1,1,BLOCKED_SPECIFICATION,,,NOT_EVALUATED
sha256,random_bytes,D-R,tokens,HASHONLY,256,10,1,BLOCKED_SPECIFICATION,,,NOT_EVALUATED
sha256,random_bytes,D-R,tokens,HASHONLY,256,100,1,BLOCKED_SPECIFICATION,,,NOT_EVALUATED
sha256,random_bytes,D-R,tokens,HASHONLY,256,1,2,BLOCKED_SPECIFICATION,,,NOT_EVALUATED
sha256,random_bytes,D-R,tokens,HASHONLY,256,10,2,BLOCKED_SPECIFICATION,,,NOT_EVALUATED
sha256,random_bytes,D-R,tokens,HASHONLY,256,100,2,BLOCKED_SPECIFICATION,,,NOT_EVALUATED
sha256,printable,G-P-BGV-L,bgv,KNOWNLENGTH,256,1,0,BLOCKED_SPECIFICATION,,,NOT_EVALUATED
sha256,printable,G-P-BGV-L,bgv,KNOWNLENGTH,256,10,0,BLOCKED_SPECIFICATION,,,NOT_EVALUATED
sha256,printable,G-P-BGV-L,bgv,KNOWNLENGTH,256,100,0,BLOCKED_SPECIFICATION,,,NOT_EVALUATED
sha256,printable,G-P-BGV-L,bgv,KNOWNLENGTH,256,1,1,BLOCKED_SPECIFICATION,,,NOT_EVALUATED
sha256,printable,G-P-BGV-L,bgv,KNOWNLENGTH,256,10,1,BLOCKED_SPECIFICATION,,,NOT_EVALUATED
sha256,printable,G-P-BGV-L,bgv,KNOWNLENGTH,256,100,1,BLOCKED_SPECIFICATION,,,NOT_EVALUATED
sha256,printable,G-P-BGV-L,bgv,KNOWNLENGTH,256,1,2,BLOCKED_SPECIFICATION,,,NOT_EVALUATED
sha256,printable,G-P-BGV-L,bgv,KNOWNLENGTH,256,10,2,BLOCKED_SPECIFICATION,,,NOT_EVALUATED
sha256,printable,G-P-BGV-L,bgv,KNOWNLENGTH,256,100,2,BLOCKED_SPECIFICATION,,,NOT_EVALUATED
sha256,printable,G-P-CG-L,cgge,KNOWNLENGTH,256,1,0,BLOCKED_SPECIFICATION,,,NOT_EVALUATED
sha256,printable,G-P-CG-L,cgge,KNOWNLENGTH,256,10,0,BLOCKED_SPECIFICATION,,,NOT_EVALUATED
sha256,printable,G-P-CG-L,cgge,KNOWNLENGTH,256,100,0,BLOCKED_SPECIFICATION,,,NOT_EVALUATED
sha256,printable,G-P-CG-L,cgge,KNOWNLENGTH,256,1,1,BLOCKED_SPECIFICATION,,,NOT_EVALUATED
sha256,printable,G-P-CG-L,cgge,KNOWNLENGTH,256,10,1,BLOCKED_SPECIFICATION,,,NOT_EVALUATED
sha256,printable,G-P-CG-L,cgge,KNOWNLENGTH,256,100,1,BLOCKED_SPECIFICATION,,,NOT_EVALUATED
sha256,printable,G-P-CG-L,cgge,KNOWNLENGTH,256,1,2,BLOCKED_SPECIFICATION,,,NOT_EVALUATED
sha256,printable,G-P-CG-L,cgge,KNOWNLENGTH,256,10,2,BLOCKED_SPECIFICATION,,,NOT_EVALUATED
sha256,printable,G-P-CG-L,cgge,KNOWNLENGTH,256,100,2,BLOCKED_SPECIFICATION,,,NOT_EVALUATED
sha256,random_bytes,G-R-BGV-L,bgv,KNOWNLENGTH,256,1,0,BLOCKED_SPECIFICATION,,,NOT_EVALUATED
sha256,random_bytes,G-R-BGV-L,bgv,KNOWNLENGTH,256,10,0,BLOCKED_SPECIFICATION,,,NOT_EVALUATED
sha256,random_bytes,G-R-BGV-L,bgv,KNOWNLENGTH,256,100,0,BLOCKED_SPECIFICATION,,,NOT_EVALUATED
sha256,random_bytes,G-R-BGV-L,bgv,KNOWNLENGTH,256,1,1,BLOCKED_SPECIFICATION,,,NOT_EVALUATED
sha256,random_bytes,G-R-BGV-L,bgv,KNOWNLENGTH,256,10,1,BLOCKED_SPECIFICATION,,,NOT_EVALUATED
sha256,random_bytes,G-R-BGV-L,bgv,KNOWNLENGTH,256,100,1,BLOCKED_SPECIFICATION,,,NOT_EVALUATED
sha256,random_bytes,G-R-BGV-L,bgv,KNOWNLENGTH,256,1,2,BLOCKED_SPECIFICATION,,,NOT_EVALUATED
sha256,random_bytes,G-R-BGV-L,bgv,KNOWNLENGTH,256,10,2,BLOCKED_SPECIFICATION,,,NOT_EVALUATED
sha256,random_bytes,G-R-BGV-L,bgv,KNOWNLENGTH,256,100,2,BLOCKED_SPECIFICATION,,,NOT_EVALUATED
sha256,printable,D-P-L,tokens,KNOWNLENGTH,256,1,0,BLOCKED_SPECIFICATION,,,NOT_EVALUATED
sha256,printable,D-P-L,tokens,KNOWNLENGTH,256,10,0,BLOCKED_SPECIFICATION,,,NOT_EVALUATED
sha256,printable,D-P-L,tokens,KNOWNLENGTH,256,100,0,BLOCKED_SPECIFICATION,,,NOT_EVALUATED
sha256,printable,D-P-L,tokens,KNOWNLENGTH,256,1,1,BLOCKED_SPECIFICATION,,,NOT_EVALUATED
sha256,printable,D-P-L,tokens,KNOWNLENGTH,256,10,1,BLOCKED_SPECIFICATION,,,NOT_EVALUATED
sha256,printable,D-P-L,tokens,KNOWNLENGTH,256,100,1,BLOCKED_SPECIFICATION,,,NOT_EVALUATED
sha256,printable,D-P-L,tokens,KNOWNLENGTH,256,1,2,BLOCKED_SPECIFICATION,,,NOT_EVALUATED
sha256,printable,D-P-L,tokens,KNOWNLENGTH,256,10,2,BLOCKED_SPECIFICATION,,,NOT_EVALUATED
sha256,printable,D-P-L,tokens,KNOWNLENGTH,256,100,2,BLOCKED_SPECIFICATION,,,NOT_EVALUATED
sha256,random_bytes,D-R-L,tokens,KNOWNLENGTH,256,1,0,BLOCKED_SPECIFICATION,,,NOT_EVALUATED
sha256,random_bytes,D-R-L,tokens,KNOWNLENGTH,256,10,0,BLOCKED_SPECIFICATION,,,NOT_EVALUATED
sha256,random_bytes,D-R-L,tokens,KNOWNLENGTH,256,100,0,BLOCKED_SPECIFICATION,,,NOT_EVALUATED
sha256,random_bytes,D-R-L,tokens,KNOWNLENGTH,256,1,1,BLOCKED_SPECIFICATION,,,NOT_EVALUATED
sha256,random_bytes,D-R-L,tokens,KNOWNLENGTH,256,10,1,BLOCKED_SPECIFICATION,,,NOT_EVALUATED
sha256,random_bytes,D-R-L,tokens,KNOWNLENGTH,256,100,1,BLOCKED_SPECIFICATION,,,NOT_EVALUATED
sha256,random_bytes,D-R-L,tokens,KNOWNLENGTH,256,1,2,BLOCKED_SPECIFICATION,,,NOT_EVALUATED
sha256,random_bytes,D-R-L,tokens,KNOWNLENGTH,256,10,2,BLOCKED_SPECIFICATION,,,NOT_EVALUATED
sha256,random_bytes,D-R-L,tokens,KNOWNLENGTH,256,100,2,BLOCKED_SPECIFICATION,,,NOT_EVALUATED
